city,state,county,count
Abilene,TX,TAYLOR,1
Ada,MN,NORMAN,1
Ada,OK,PONTOTOC,5
Adel,IA,DALLAS,1
Aiken,SC,AIKEN,3
Aitkin,MN,AITKIN,1
Akron,IA,PLYMOUTH,1
Akron,OH,SUMMIT,1
Alameda,CA,ALAMEDA,1
Alamo,CA,CONTRA COSTA,1
Albany,NY,ALBANY,1
Albertville,MN,WRIGHT,1
Albion,IN,NOBLE,1
Alcoa,TN,BLOUNT,1
Alexander,NC,BUNCOMBE,1
Alexandria,MN,DOUGLAS,1
Alexandria,VA,ALEXANDRIA CITY,1
Algona,IA,KOSSUTH,1
Allen,TX,COLLIN,3
Allenton,MI,SAINT CLAIR,1
Alsip,IL,COOK,1
Altonah,UT,DUCHESNE,2
Ames,IA,STORY,1
Andover,MN,ANOKA,2
Ankeny,IA,POLK,1
Ann Arbor,MI,WASHTENAW,6
Anna,TX,COLLIN,1
Annapolis,MD,ANNE ARUNDEL,4
Antioch,IL,LAKE,5
Apex,NC,WAKE,1
Appleton,WI,OUTAGAMIE,3
Aquasco,MD,PRINCE GEORGES,2
Arden,NC,BUNCOMBE,1
Arlington,TX,TARRANT,1
Arlington,WI,COLUMBIA,1
Arnold,MD,ANNE ARUNDEL,1
Arvada,CO,JEFFERSON,1
Asbury Park,NJ,MONMOUTH,1
Asheboro,NC,RANDOLPH,1
Asheville,NC,BUNCOMBE,3
Ashland,NE,SAUNDERS,1
Ashland,NY,GREENE,1
Ashland,WI,ASHLAND,4
Aspermont,TX,STONEWALL,1
Atkinson,NE,HOLT,1
Atlanta,GA,FULTON,2
Atlanta,TX,CASS,2
Auburn,IN,DE KALB,1
Auburn Hills,MI,OAKLAND,2
Augusta,MI,KALAMAZOO,1
Aurora,CO,ARAPAHOE,2
Aurora,IL,DUPAGE,3
Aurora,ME,HANCOCK,1
Aurora,MN,SAINT LOUIS,1
Austin,TX,TRAVIS,43
Austwell,TX,REFUGIO,2
Autryville,NC,SAMPSON,1
Avon,IN,HENDRICKS,1
Avon,OH,LORAIN,1
Avondale,AZ,MARICOPA,1
Avondale,PA,CHESTER,1
Avondale Estates,GA,DEKALB,1
Bakersville,NC,MITCHELL,1
Baldwin City,KS,DOUGLAS,1
Ballston Lake,NY,SARATOGA,1
Ballwin,MO,SAINT LOUIS,3
Baltimore,MD,BALTIMORE CITY,1
Barco,NC,CURRITUCK,1
Barnard,VT,WINDSOR,1
Barnesville,MN,CLAY,1
Barnsdall,OK,OSAGE,1
Barnstead,NH,BELKNAP,0
Baroda,MI,BERRIEN,1
Barrington,NH,STRAFFORD,1
Barrington,RI,BRISTOL,2
Bastrop,TX,BASTROP,1
Batavia,IL,KANE,1
Batavia,NY,GENESEE,3
Baton Rouge,LA,EAST BATON ROUGE,5
Bay Village,OH,CUYAHOGA,1
Bayfield,WI,BAYFIELD,1
Bedford,IN,LAWRENCE,1
Bedford,TX,TARRANT,2
Beeville,TX,BEE,8
Bel Air,MD,HARFORD,1
Belding,MI,IONIA,1
Belfast,ME,WALDO,2
Belgrade,ME,KENNEBEC,1
Belknap,IL,JOHNSON,1
Bellaire,TX,HARRIS,1
Bellefonte,PA,CENTRE,1
Bellevue,OH,HURON,1
Bellville,OH,RICHLAND,1
Belton,TX,BELL,2
Berkeley,CA,ALAMEDA,4
Bernardsville,NJ,SOMERSET,1
Bethany,CT,NEW HAVEN,1
Bethel,ME,OXFORD,1
Bettendorf,IA,SCOTT,1
Beverly,MA,ESSEX,1
Biddeford,ME,YORK,1
Big Rock,IL,KANE,1
Biglerville,PA,ADAMS,1
Billerica,MA,MIDDLESEX,2
Bishopville,MD,WORCESTER,1
Bismarck,ND,BURLEIGH,2
Black River,MI,ALCONA,2
Blackfoot,ID,BINGHAM,1
Blacksburg,VA,MONTGOMERY,1
Blairsville,PA,INDIANA,1
Blanco,TX,BLANCO,1
Bloomfield,NJ,ESSEX,1
Bloomington,IN,MONROE,1
Blossom,TX,LAMAR,3
Blossvale,NY,ONEIDA,2
Blue Bell,PA,MONTGOMERY,1
Blue Grass,IA,SCOTT,1
Blue Hill,ME,HANCOCK,0
Blue Mounds,WI,DANE,1
Bluffton,SC,BEAUFORT,5
Blythewood,SC,RICHLAND,1
Boerne,TX,KENDALL,1
Boise,ID,ADA,3
Bonita Springs,FL,LEE,3
Boone,IA,BOONE,1
Boulder Junction,WI,VILAS,1
Bountiful,UT,DAVIS,0
Boyne City,MI,CHARLEVOIX,1
Boynton Beach,FL,PALM BEACH,2
Bradenton,FL,MANATEE,12
Bradford,NH,MERRIMACK,2
Bradley Beach,NJ,MONMOUTH,1
Braidwood,IL,WILL,1
Brainerd,MN,CROW WING,3
Brandon,SD,MINNEHAHA,1
Breaux Bridge,LA,SAINT MARTIN,1
Brigantine,NJ,ATLANTIC,1
Brigham City,UT,BOX ELDER,1
Brighton,MI,LIVINGSTON,2
Bristol,CT,HARTFORD,1
Bristol,VT,ADDISON,1
Broadalbin,NY,FULTON,1
Brockport,NY,MONROE,1
Brodhead,WI,GREEN,1
Broken Arrow,OK,TULSA,5
Brookfield,WI,WAUKESHA,2
Brookings,SD,BROOKINGS,1
Brooklyn,MI,JACKSON,3
Broomfield,CO,BROOMFIELD,4
Bruce,WI,RUSK,1
Brunswick,ME,CUMBERLAND,2
Bucksport,ME,HANCOCK,1
Bucyrus,OH,CRAWFORD,1
Buda,TX,HAYS,2
Buena Park,CA,ORANGE,2
Buffalo,IA,SCOTT,1
Buffalo,NY,ERIE,5
Buford,GA,GWINNETT,1
Buhler,KS,RENO,1
Bunker Hill,WV,BERKELEY,1
Burbank,CA,LOS ANGELES,1
Burlington,PA,BRADFORD,1
Burlington,WI,RACINE,2
Burnsville,NC,YANCEY,1
Cabin John,MD,MONTGOMERY,1
Calera,OK,BRYAN,1
Calhoun,GA,GORDON,1
Cambridge Springs,PA,CRAWFORD,1
Cameron,LA,CAMERON,3
Camp Lejeune,NC,ONSLOW,1
Canal Winchester,OH,FRANKLIN,1
Canonsburg,PA,WASHINGTON,1
Canton,OH,STARK,2
Canton,TX,VAN ZANDT,2
Canyon Lake,TX,COMAL,1
Cape Charles,VA,NORTHAMPTON,2
Cape Coral,FL,LEE,1
Cape May,NJ,CAPE MAY,1
Carbondale,IL,JACKSON,1
Carlsbad,CA,SAN DIEGO,3
Carmel,IN,HAMILTON,1
Carol Stream,IL,DUPAGE,1
Carrollton,TX,DALLAS,2
Carson City,MI,MONTCALM,1
Cary,IL,MCHENRY,3
Cary,NC,WAKE,6
Cashiers,NC,JACKSON,2
Castle Rock,MN,DAKOTA,2
Catawba,VA,ROANOKE,1
Cathedral City,CA,RIVERSIDE,1
Cato,NY,CAYUGA,1
Catonsville,MD,BALTIMORE,4
Caulfield,MO,HOWELL,4
Cedar Falls,IA,BLACK HAWK,2
Cedar Grove,WI,SHEBOYGAN,1
Cedar Hill,TN,ROBERTSON,1
Cedar Rapids,IA,LINN,1
Centreville,MD,QUEEN ANNES,2
Chadds Ford,PA,DELAWARE,2
Chagrin Falls,OH,CUYAHOGA,5
Chapel Hill,NC,ORANGE,3
Charleston,SC,CHARLESTON,7
Charlotte,MI,EATON,2
Charlotte,NC,MECKLENBURG,5
Charlotte,VT,CHITTENDEN,1
Chatsworth,GA,MURRAY,1
Chelsea,AL,SHELBY,0
Chelsea,MI,WASHTENAW,1
Chelsea,OK,ROGERS,1
Cherryville,NC,GASTON,1
Chesapeake,VA,CHESAPEAKE CITY,11
Chester,NH,ROCKINGHAM,1
Chester,VA,CHESTERFIELD,1
Chester,WV,HANCOCK,1
Chester Springs,PA,CHESTER,1
Chicago,IL,COOK,10
Chico,TX,WISE,1
China Spring,TX,MCLENNAN,1
Choctaw,OK,OKLAHOMA,1
Chula Vista,CA,SAN DIEGO,8
Cibolo,TX,GUADALUPE,1
Cincinnati,OH,HAMILTON,3
Claremont,NH,SULLIVAN,7
Clarksville,MD,HOWARD,2
Clawson,MI,OAKLAND,1
Clayton,NC,JOHNSTON,3
Clearwater,FL,PINELLAS,3
Cleburne,TX,JOHNSON,1
Cleveland,TN,BRADLEY,1
Clinton,CT,MIDDLESEX,2
Clinton,IN,VERMILLION,1
Cochise,AZ,COCHISE,1
Colgate,WI,WASHINGTON,1
College Station,TX,BRAZOS,1
Cologne,MN,CARVER,1
Colorado Springs,CO,EL PASO,1
Columbia,IL,MONROE,1
Columbia,SC,RICHLAND,0
Columbia,TN,MAURY,3
Columbus,OH,FRANKLIN,7
Concord,NH,MERRIMACK,3
Connellsville,PA,FAYETTE,2
Conway,AR,FAULKNER,1
Cooperstown,NY,OTSEGO,1
Coopersville,MI,OTTAWA,1
Coppell,TX,DALLAS,1
Coral Gables,FL,MIAMI-DADE,1
Corona,CA,RIVERSIDE,3
Coronado,CA,SAN DIEGO,1
Corpus Christi,TX,NUECES,7
Corvallis,OR,BENTON,2
Costa Mesa,CA,ORANGE,1
Cottage Grove,MN,WASHINGTON,1
Cottage Grove,WI,DANE,1
Council Bluffs,IA,POTTAWATTAMIE,2
Covington,LA,SAINT TAMMANY,1
Creedmoor,NC,GRANVILLE,1
Creighton,NE,KNOX,2
Crestwood,KY,OLDHAM,1
Crofton,MD,ANNE ARUNDEL,1
Crosby,MN,CROW WING,2
Cross Hill,SC,LAURENS,1
Crowley,TX,TARRANT,1
Crystal Lake,IL,MCHENRY,1
Culver City,CA,LOS ANGELES,1
Cumberland,WI,BARRON,1
Cut Off,LA,LAFOURCHE,4
Daleville,IN,DELAWARE,1
Dallas,PA,LUZERNE,1
Dallas,TX,DALLAS,8
Danbury,WI,BURNETT,1
Danville,KY,BOYLE,3
Darien,CT,FAIRFIELD,2
Darrow,LA,ASCENSION,1
Dauphin Island,AL,MOBILE,1
Davenport,IA,SCOTT,2
Davidson,NC,MECKLENBURG,1
Davison,MI,GENESEE,2
Dayton,OH,MONTGOMERY,1
Decatur,GA,DEKALB,1
Decatur,IL,MACON,1
Delphos,OH,ALLEN,1
Delray Beach,FL,PALM BEACH,1
Deltona,FL,VOLUSIA,3
Dennis,MA,BARNSTABLE,1
Dennison,MN,GOODHUE,1
Derby,CT,NEW HAVEN,1
Derry,NH,ROCKINGHAM,1
Des Moines,IA,POLK,2
Des Plaines,IL,COOK,1
Detroit,MI,WAYNE,1
Dewey,OK,WASHINGTON,1
Dickerson,MD,MONTGOMERY,1
Dickinson,TX,GALVESTON,1
Discovery Bay,CA,CONTRA COSTA,1
Dodge Center,MN,DODGE,1
Douglas,MA,WORCESTER,1
Dover,DE,KENT,1
Drexel Hill,PA,DELAWARE,1
Driftwood,TX,HAYS,1
Dripping Springs,TX,HAYS,1
Drumright,OK,CREEK,1
Dublin,TX,ERATH,2
Dubuque,IA,DUBUQUE,1
Durant,OK,BRYAN,2
Durham,CT,MIDDLESEX,1
Durham,NH,STRAFFORD,1
Dutch John,UT,DAGGETT,1
Dysart,IA,TAMA,2
Eagle Point,OR,JACKSON,1
Eagle River,WI,VILAS,1
East Greenbush,NY,RENSSELAER,1
East Hartford,CT,HARTFORD,2
East Haven,CT,NEW HAVEN,1
East Jordan,MI,CHARLEVOIX,1
East Rockaway,NY,NASSAU,2
Easthampton,MA,HAMPSHIRE,1
Easton,MD,TALBOT,0
Easton,PA,NORTHAMPTON,3
Eastpointe,MI,MACOMB,1
Eaton Rapids,MI,EATON,1
Eau Claire,WI,EAU CLAIRE,3
Edgerton,WI,ROCK,1
Edinburg,TX,HIDALGO,2
Edmond,OK,OKLAHOMA,3
Edwardsburg,MI,CASS,1
Effingham,NH,CARROLL,0
Egg Harbor City,NJ,ATLANTIC,2
El Cajon,CA,SAN DIEGO,1
El Paso,TX,EL PASO,1
El Reno,OK,CANADIAN,1
Elizabethtown,PA,LANCASTER,1
Elk River,MN,SHERBURNE,1
Elmhurst,IL,DUPAGE,4
Elmira,NY,CHEMUNG,1
Elmore City,OK,GARVIN,1
Elyria,OH,LORAIN,1
Emigrant,MT,PARK,1
Empire,MI,LEELANAU,2
Englewood,NJ,BERGEN,2
Enid,OK,GARFIELD,1
Enterprise,AL,COFFEE,0
Erwin,TN,UNICOI,1
Evanston,IL,COOK,2
Eveleth,MN,SAINT LOUIS,1
Exeter,NH,ROCKINGHAM,2
Fair Lawn,NJ,BERGEN,1
Fair Oaks,CA,SACRAMENTO,1
Fairbury,IL,LIVINGSTON,1
Fairfax,VA,FAIRFAX CITY,1
Fairfax,VT,CHITTENDEN,1
Fairfield,CT,FAIRFIELD,1
Fairfield,OH,BUTLER,2
Fairhope,AL,BALDWIN,1
Fairport,NY,MONROE,2
Fairview,OK,MAJOR,1
Falls Church,VA,FALLS CHURCH CITY,2
Falmouth,MA,BARNSTABLE,3
Fargo,ND,CASS,1
Faribault,MN,RICE,0
Farmington,MI,OAKLAND,3
Farmington,MO,SAINT FRANCOIS,2
Farmington,NY,ONTARIO,1
Farwell,MI,CLARE,2
Fayetteville,AR,WASHINGTON,1
Fernandina Beach,FL,NASSAU,14
Ferndale,MI,OAKLAND,1
Fernley,NV,LYON,1
Fertile,MN,POLK,1
Fish Haven,ID,BEAR LAKE,1
Flagstaff,AZ,COCONINO,1
Flat Rock,MI,WAYNE,0
Fleetwood,PA,BERKS,2
Fletcher,NC,HENDERSON,1
Florence,KY,BOONE,1
Fontanet,IN,VIGO,1
Forney,TX,KAUFMAN,1
Fort Edward,NY,WASHINGTON,1
Fort Leavenworth,KS,LEAVENWORTH,1
Fort Sill,OK,COMANCHE,1
Fort Smith,AR,SEBASTIAN,1
Fort Wayne,IN,ALLEN,4
Fort Worth,TX,TARRANT,1
Frankenmuth,MI,SAGINAW,1
Frankfort,IN,CLINTON,1
Franklin,TN,WILLIAMSON,0
Franklin,WI,MILWAUKEE,1
Frederick,MD,FREDERICK,2
Fredericktown,OH,KNOX,1
Freeland,PA,LUZERNE,2
Freeport,ME,CUMBERLAND,1
Freeville,NY,TOMPKINS,1
Fremont,OH,SANDUSKY,1
Friendsville,TN,BLOUNT,15
Friendswood,TX,GALVESTON,1
Fullerton,CA,ORANGE,9
Fulton,MD,HOWARD,1
Gainesville,FL,ALACHUA,2
Gainesville,GA,HALL,2
Gansevoort,NY,SARATOGA,1
Gardena,CA,LOS ANGELES,1
Gardiner,MT,PARK,2
Gardner,MA,WORCESTER,1
Garland,TX,DALLAS,2
Garretson,SD,MINNEHAHA,1
Garrison,MN,CROW WING,1
Gary,IN,LAKE,2
Gause,TX,MILAM,1
Geneseo,IL,HENRY,1
Geneseo,NY,LIVINGSTON,1
Georgetown,TX,WILLIAMSON,3
Glen Rose,TX,SOMERVELL,1
Glendora,CA,LOS ANGELES,2
Glenpool,OK,TULSA,1
Glenview,IL,COOK,1
Glenwood,IA,MILLS,1
Gloucester Point,VA,GLOUCESTER,2
Gomer,OH,ALLEN,1
Gouldsboro,ME,HANCOCK,3
Grafton,MA,WORCESTER,1
Granby,MA,HAMPSHIRE,1
Grand Haven,MI,OTTAWA,1
Grand Ledge,MI,EATON,1
Grand Marais,MN,COOK,3
Grand Portage,MN,COOK,1
Grand Rapids,MI,KENT,5
Grand Terrace,CA,SAN BERNARDINO,3
Grants Pass,OR,JOSEPHINE,0
Grantsville,UT,TOOELE,2
Grayling,MI,CRAWFORD,2
Grayslake,IL,LAKE,2
Greeley,CO,WELD,1
Green Bay,WI,BROWN,2
Green Cove Springs,FL,CLAY,2
Green Lake,WI,GREEN LAKE,1
Greenfield,IN,HANCOCK,1
Greensboro,NC,GUILFORD,0
Greensburg,PA,WESTMORELAND,2
Greenville,NC,PITT,3
Greenville,OH,DARKE,1
Greenwich,NY,WASHINGTON,1
Gregory,MI,LIVINGSTON,1
Groton,CT,NEW LONDON,1
Grove,OK,DELAWARE,0
Grove City,OH,FRANKLIN,1
Groveland,MA,ESSEX,1
Grundy Center,IA,GRUNDY,1
Guilford,CT,NEW HAVEN,1
Gulliver,MI,SCHOOLCRAFT,1
Gunter,TX,GRAYSON,3
Gurnee,IL,LAKE,1
Guthrie,OK,LOGAN,1
Hackberry,LA,CAMERON,1
Hackensack,NJ,BERGEN,1
Hackettstown,NJ,WARREN,1
Hagerman,ID,GOODING,1
Hagerstown,MD,WASHINGTON,1
Halifax,PA,DAUPHIN,0
Hallowell,ME,KENNEBEC,2
Hamden,CT,NEW HAVEN,0
Hamilton,OH,BUTLER,1
Hammond,IN,LAKE,1
Hampden,MA,HAMPDEN,1
Hampton,MN,DAKOTA,0
Hancock,ME,HANCOCK,1
Hannibal,NY,OSWEGO,2
Hanover,MA,PLYMOUTH,1
Hanover,NH,GRAFTON,1
Harper,TX,GILLESPIE,1
Hartley,IA,OBRIEN,1
Harvard,IL,MCHENRY,1
Harwinton,CT,LITCHFIELD,1
Haverhill,MA,ESSEX,2
Haviland,OH,PAULDING,1
Hayward,CA,ALAMEDA,1
Hazard,KY,PERRY,1
Heber City,UT,WASATCH,1
Hendersonville,TN,SUMNER,1
Herman,MN,GRANT,1
Herndon,VA,FAIRFAX,1
Hesston,KS,HARVEY,1
Highland,MI,OAKLAND,3
Highland,WI,IOWA,2
Hightstown,NJ,MERCER,1
Hillsboro,ND,TRAILL,2
Hillsboro,OR,WASHINGTON,1
Hilton Head Island,SC,BEAUFORT,6
Hingham,MA,PLYMOUTH,4
Hinsdale,IL,DUPAGE,2
Hobart,IN,LAKE,2
Holland,MI,OTTAWA,1
Holt,MI,INGHAM,1
Homewood,IL,COOK,1
Hookstown,PA,BEAVER,1
Hopewell Junction,NY,DUTCHESS,2
Horsham,PA,MONTGOMERY,2
Houma,LA,TERREBONNE,2
Houston,TX,HARRIS,12
Howard Lake,MN,WRIGHT,1
Howe,OK,LE FLORE,1
Hubbard Lake,MI,ALPENA,1
Hudson,NC,CALDWELL,1
Hudson,NY,COLUMBIA,2
Hudson,WI,SAINT CROIX,3
Hugoton,KS,STEVENS,1
Hull,MA,PLYMOUTH,1
Humboldt,KS,ALLEN,1
Huntingdon,PA,HUNTINGDON,1
Huntington Park,CA,LOS ANGELES,1
Huntsville,AL,MADISON,1
Hutto,TX,WILLIAMSON,1
Hyde Park,NY,DUTCHESS,1
Illinois City,IL,ROCK ISLAND,1
Independence,IA,BUCHANAN,5
Indian Lake,NY,HAMILTON,4
Indian Wells,CA,RIVERSIDE,9
Indianapolis,IN,MARION,1
Inlet,NY,HAMILTON,1
Inverness,FL,CITRUS,1
Iowa,LA,CALCASIEU,1
Iowa City,IA,JOHNSON,4
Ipswich,MA,ESSEX,3
Iron Mountain,MI,DICKINSON,1
Irving,TX,DALLAS,1
Irwin,PA,WESTMORELAND,1
Itasca,IL,DUPAGE,1
Ivesdale,IL,CHAMPAIGN,1
Jackson,MI,JACKSON,3
Jacksonville,AL,CALHOUN,1
Jacksonville,FL,DUVAL,6
Jamestown,NY,CHAUTAUQUA,2
Jarrettsville,MD,HARFORD,2
Jasper,IN,DUBOIS,1
Jefferson,NC,ASHE,1
Jefferson City,MO,COLE,1
Jericho,VT,CHITTENDEN,1
Johns Island,SC,CHARLESTON,1
Johnsburg,NY,WARREN,6
Johnston,IA,POLK,1
Joliet,IL,WILL,1
Jonesboro,AR,CRAIGHEAD,2
Joplin,MO,JASPER,1
Jordan,NY,ONONDAGA,1
Joshua Tree,CA,SAN BERNARDINO,1
Kalkaska,MI,KALKASKA,1
Kalona,IA,WASHINGTON,2
Kansas City,KS,WYANDOTTE,1
Katy,TX,HARRIS,5
Kaysville,UT,DAVIS,5
Keene,NH,CHESHIRE,1
Keeseville,NY,CLINTON,1
Keller,TX,TARRANT,1
Kenansville,NC,DUPLIN,2
Kenly,NC,JOHNSTON,1
Kenosha,WI,KENOSHA,0
Kenton,OH,HARDIN,2
Kewaskum,WI,WASHINGTON,4
Killeen,TX,BELL,3
Kilmarnock,VA,LANCASTER,1
Kinderhook,NY,COLUMBIA,1
Kingsland,GA,CAMDEN,2
Kingston,OK,MARSHALL,1
Kittery,ME,YORK,1
Klamath Falls,OR,KLAMATH,1
Knoxville,MD,FREDERICK,1
Knoxville,TN,KNOX,1
Kokomo,IN,HOWARD,1
Kooskia,ID,IDAHO,1
Kunkletown,PA,MONROE,1
Kurten,TX,BRAZOS,1
La Farge,WI,VERNON,1
La Mesa,CA,SAN DIEGO,1
La Porte,TX,HARRIS,1
Lafayette,LA,LAFAYETTE,1
Lafayette Hill,PA,MONTGOMERY,2
Lake Elmo,MN,WASHINGTON,1
Lake George,NY,WARREN,2
Lake Lillian,MN,KANDIYOHI,1
Lake Park,MN,BECKER,1
Lake Station,IN,LAKE,1
Lake Villa,IL,LAKE,4
Lakeland,FL,POLK,2
Lakeland,MN,WASHINGTON,1
Lakeside,CA,SAN DIEGO,1
Lakeview,OH,LOGAN,1
Lakeville,OH,HOLMES,1
Lakewood,OH,CUYAHOGA,1
Lancaster,NY,ERIE,1
Lancaster,PA,LANCASTER,3
Lansdale,PA,MONTGOMERY,1
Lansdowne,PA,DELAWARE,1
Lansing,MI,INGHAM,2
Laona,WI,FOREST,1
Las Vegas,NV,CLARK,1
Laurel,DE,SUSSEX,1
Laurel,MD,PRINCE GEORGES,1
Lawrence,KS,DOUGLAS,4
Lawrence Township,NJ,MERCER,1
Lawrenceville,GA,GWINNETT,1
Le Claire,IA,SCOTT,1
Le Roy,NY,GENESEE,1
Le Sueur,MN,LE SUEUR,2
League City,TX,GALVESTON,1
Leander,TX,WILLIAMSON,1
Lecanto,FL,CITRUS,1
Leeds,ME,ANDROSCOGGIN,1
Lehi,UT,UTAH,1
Lenhartsville,PA,BERKS,1
Leonia,NJ,BERGEN,1
Lewes,DE,SUSSEX,3
Lewisburg,PA,UNION,2
Lexington,KY,FAYETTE,5
Lexington,VA,LEXINGTON CITY,1
Lincoln,NE,LANCASTER,2
Lincolnville,ME,WALDO,3
Lisbon,IA,LINN,1
Lisle,IL,DUPAGE,1
Little Cedar,IA,MITCHELL,3
Little Falls,NJ,PASSAIC,1
Little Silver,NJ,MONMOUTH,1
Livonia,MI,WAYNE,3
Lockport,NY,NIAGARA,3
Lone Oak,TX,HUNT,1
Long Beach,CA,LOS ANGELES,2
Long Lake,NY,HAMILTON,1
Lorain,OH,LORAIN,8
Los Angeles,CA,LOS ANGELES,5
Louisville,KY,JEFFERSON,4
Lower Salem,OH,WASHINGTON,1
Loyal,WI,CLARK,2
Lubec,ME,WASHINGTON,1
Lunenburg,MA,WORCESTER,1
Lusby,MD,CALVERT,3
Lyman,SC,SPARTANBURG,1
Lyons,NE,BURT,6
Mabel,MN,FILLMORE,1
Mableton,GA,COBB,1
Macon,MO,MACON,1
Madison,CT,NEW HAVEN,1
Madison,WI,DANE,23
Madrid,IA,BOONE,1
Malvern,IA,MILLS,2
Manchester,IA,DELAWARE,1
Manchester,MI,WASHTENAW,1
Manchester,NH,HILLSBOROUGH,1
Manheim,PA,LANCASTER,1
Manistee,MI,MANISTEE,4
Mankato,MN,BLUE EARTH,1
Mansfield,TX,TARRANT,2
Manton,MI,WEXFORD,1
Mapleton,ND,CASS,5
Maquoketa,IA,JACKSON,1
Marcellus,NY,ONONDAGA,1
Margaretville,NY,DELAWARE,1
Marietta,GA,COBB,3
Marietta,OH,WASHINGTON,1
Marilla,NY,ERIE,1
Marion,IN,GRANT,1
Marion,NY,WAYNE,1
Mars,PA,BUTLER,0
Marshall,MN,LYON,2
Marshall,VA,FAUQUIER,2
Martinsville,IN,MORGAN,1
Martinsville,VA,MARTINSVILLE CITY,1
Mary Esther,FL,OKALOOSA,1
Marysville,PA,PERRY,2
Mason City,IA,CERRO GORDO,1
Massapequa,NY,NASSAU,5
Mattapoisett,MA,PLYMOUTH,1
Mayville,MI,TUSCOLA,1
Mayville,WI,DODGE,1
Mead,OK,BRYAN,1
Mechanicsville,VA,HANOVER,1
Medford,NJ,BURLINGTON,1
Medford,OR,JACKSON,4
Media,PA,DELAWARE,1
Melbourne,FL,BREVARD,2
Menard,TX,MENARD,1
Menifee,CA,RIVERSIDE,3
Menomonee Falls,WI,WAUKESHA,1
Menomonie,WI,DUNN,1
Mentor,OH,LAKE,1
Mequon,WI,OZAUKEE,1
Mercer,WI,IRON,3
Meriden,KS,JEFFERSON,1
Meridian,ID,ADA,1
Meridianville,AL,MADISON,1
Merrick,NY,NASSAU,1
Merryville,LA,BEAUREGARD,1
Mesilla,NM,DONA ANA,1
Mesquite,TX,DALLAS,1
Metairie,LA,JEFFERSON,3
Miami,FL,MIAMI-DADE,5
Middleton,ID,CANYON,2
Middleton,WI,DANE,1
Middletown,DE,NEW CASTLE,2
Middletown,MD,FREDERICK,2
Midlothian,TX,ELLIS,1
Midway,FL,GADSDEN,1
Mifflinburg,PA,UNION,1
Milbank,SD,GRANT,1
Milford,MA,WORCESTER,1
Millersville,MD,ANNE ARUNDEL,1
Millinocket,ME,PENOBSCOT,3
Milton,DE,SUSSEX,1
Milton,NH,STRAFFORD,1
Milwaukee,WI,MILWAUKEE,6
Mineola,TX,WOOD,2
Minneapolis,MN,HENNEPIN,14
Minnetonka,MN,HENNEPIN,1
Missoula,MT,MISSOULA,1
Missouri City,TX,FORT BEND,1
Mize,KY,MORGAN,2
Mocksville,NC,DAVIE,1
Mokena,IL,WILL,1
Monee,IL,WILL,1
Monett,MO,BARRY,3
Monmouth Beach,NJ,MONMOUTH,4
Monroe,CT,FAIRFIELD,1
Monroe,LA,OUACHITA,2
Monroe,NC,UNION,1
Monroe,NY,ORANGE,1
Monterey,VA,HIGHLAND,1
Montevideo,MN,CHIPPEWA,1
Montgomery,TX,MONTGOMERY,3
Montgomery Village,MD,MONTGOMERY,1
Montpelier,VT,WASHINGTON,1
Mooreland,OK,WOODWARD,1
Mooresville,IN,MORGAN,1
Moorhead,MN,CLAY,1
Moose Lake,MN,CARLTON,1
Moravia,NY,CAYUGA,1
Morganton,NC,BURKE,1
Morris,OK,OKMULGEE,1
Morrisonville,NY,CLINTON,1
Morton,IL,TAZEWELL,1
Morton Grove,IL,COOK,1
Moselle,MS,JONES,1
Mounds,OK,CREEK,2
Mundelein,IL,LAKE,2
Munster,IN,LAKE,2
Murray,KY,CALLOWAY,1
Murrells Inlet,SC,HORRY,4
Muskegon,MI,MUSKEGON,1
Myrtle Beach,SC,HORRY,0
Naperville,IL,DUPAGE,3
Naples,FL,COLLIER,1
Nashua,NH,HILLSBOROUGH,2
National City,MI,IOSCO,1
Neenah,WI,WINNEBAGO,2
Nevada,MO,VERNON,1
New Bern,NC,CRAVEN,1
New Braunfels,TX,COMAL,3
New Cumberland,PA,CUMBERLAND,1
New Germany,MN,CARVER,1
New Glarus,WI,GREEN,1
New Haven,CT,NEW HAVEN,1
New Holstein,WI,CALUMET,1
New Iberia,LA,IBERIA,1
New Kensington,PA,WESTMORELAND,1
New London,NH,MERRIMACK,1
New Orleans,LA,ORLEANS,2
New Richmond,WI,SAINT CROIX,1
New York,NY,NEW YORK,2
Newark,DE,NEW CASTLE,2
Newberg,OR,YAMHILL,1
Newburgh,IN,WARRICK,2
Newburgh,NY,ORANGE,1
Newbury,MA,ESSEX,1
Newcastle,WY,WESTON,1
Newport,KY,CAMPBELL,1
Newport,PA,PERRY,1
Newport,VT,ORLEANS,1
Newport News,VA,NEWPORT NEWS CITY,0
Newton,MA,MIDDLESEX,1
Newton,NC,CATAWBA,6
Newton,NJ,SUSSEX,1
Nicholasville,KY,JESSAMINE,1
Noblesville,IN,HAMILTON,1
Norfolk,VA,NORFOLK CITY,2
Norman,OK,CLEVELAND,7
Norristown,PA,MONTGOMERY,1
North East,PA,ERIE,4
North Fort Myers,FL,LEE,1
North Little Rock,AR,PULASKI,1
North Reading,MA,MIDDLESEX,0
North Tonawanda,NY,NIAGARA,1
North Versailles,PA,ALLEGHENY,1
Northborough,MA,WORCESTER,1
Northbrook,IL,COOK,1
Northfield,MN,RICE,1
Northford,CT,NEW HAVEN,1
Northport,NY,SUFFOLK,2
Norwalk,CT,FAIRFIELD,1
Norway,ME,OXFORD,1
Norwood,MA,NORFOLK,1
Norwood,NC,STANLY,1
Novato,CA,MARIN,2
Novelty,OH,GEAUGA,1
Novi,MI,OAKLAND,1
Oak Creek,WI,MILWAUKEE,1
Oak Lawn,IL,COOK,1
Oakes,ND,DICKEY,1
Oakland,CA,ALAMEDA,1
Oakland,TX,COLORADO,2
Oakton,VA,FAIRFAX,2
Ocean Springs,MS,JACKSON,1
Oceanside,CA,SAN DIEGO,1
Oconomowoc,WI,WAUKESHA,1
Odell,IL,LIVINGSTON,2
Odon,IN,DAVIESS,1
Ogden,UT,WEBER,2
Ogema,WI,PRICE,1
Oklahoma City,OK,OKLAHOMA,7
Olathe,KS,JOHNSON,2
Old Fort,NC,MCDOWELL,1
Old Lyme,CT,NEW LONDON,1
Old Orchard Beach,ME,YORK,1
Old Town,ME,PENOBSCOT,1
Oldtown,MD,ALLEGANY,2
Omaha,NE,DOUGLAS,9
Ontonagon,MI,ONTONAGON,1
Ooltewah,TN,HAMILTON,2
Oracle,AZ,PINAL,2
Orange,CA,ORANGE,1
Orange Park,FL,CLAY,1
Orlando,FL,ORANGE,1
Orono,ME,PENOBSCOT,1
Osceola,WI,POLK,1
Oscoda,MI,IOSCO,0
Oshkosh,WI,WINNEBAGO,1
Oskaloosa,IA,MAHASKA,1
Overland Park,KS,JOHNSON,7
Oxford,OH,BUTLER,1
Oxnard,CA,VENTURA,1
Ozark,AL,DALE,1
Ozark,AR,FRANKLIN,1
Ozark,MO,CHRISTIAN,2
Ozawkie,KS,JEFFERSON,1
Pacific Junction,IA,MILLS,0
Palisade,MN,AITKIN,1
Palisades Park,NJ,BERGEN,1
Palm Bay,FL,BREVARD,1
Palm Desert,CA,RIVERSIDE,1
Palmer,MA,HAMPDEN,2
Palos Hills,IL,COOK,2
Panama City Beach,FL,BAY,1
Papillion,NE,SARPY,1
Paragonah,UT,IRON,1
Paris,ME,OXFORD,1
Park Ridge,IL,COOK,1
Parker,CO,DOUGLAS,1
Parsons,WV,TUCKER,1
Pasadena,CA,LOS ANGELES,2
Pasadena,TX,HARRIS,1
Pasco,WA,FRANKLIN,1
Paso Robles,CA,SAN LUIS OBISPO,0
Pass Christian,MS,HARRISON,2
Pataskala,OH,LICKING,1
Patterson,LA,SAINT MARY,2
Pawleys Island,SC,GEORGETOWN,1
Pawnee,OK,PAWNEE,2
Paynesville,MN,STEARNS,2
Peabody,KS,MARION,1
Peabody,MA,ESSEX,1
Pearsall,TX,FRIO,1
Pekin,IL,TAZEWELL,1
Pensacola,FL,ESCAMBIA,1
Peoria,IL,PEORIA,1
Perley,MN,NORMAN,1
Perry,MO,RALLS,1
Peru,NY,CLINTON,0
Peshtigo,WI,MARINETTE,2
Pewaukee,WI,WAUKESHA,1
Philadelphia,NY,JEFFERSON,1
Phillips,WI,PRICE,1
Phoenix,AZ,MARICOPA,4
Piedmont,SC,GREENVILLE,2
Pierre,SD,HUGHES,1
Pigeon,MI,HURON,1
Pinconning,MI,BAY,1
Pinopolis,SC,BERKELEY,1
Piqua,OH,MIAMI,1
Pittsburg,KS,CRAWFORD,1
Pittsburgh,PA,ALLEGHENY,3
Pittsfield,PA,WARREN,1
Placerville,CA,EL DORADO,1
Plainview,NY,NASSAU,1
Plano,TX,COLLIN,7
Plant City,FL,HILLSBOROUGH,1
Plantation,FL,BROWARD,1
Plattsburg,MO,CLINTON,1
Pleasant Garden,NC,GUILFORD,1
Pleasant Grove,UT,UTAH,1
Pleasant Plain,OH,WARREN,1
Pleasantville,PA,VENANGO,1
Plymouth,MA,PLYMOUTH,2
Port Aransas,TX,NUECES,2
Port Ewen,NY,ULSTER,2
Port Haywood,VA,MATHEWS,1
Port Wing,WI,BAYFIELD,1
Portage,MI,KALAMAZOO,2
Portage,WI,COLUMBIA,1
Portland,CT,MIDDLESEX,1
Portland,ME,CUMBERLAND,1
Portland,OR,MULTNOMAH,7
Poway,CA,SAN DIEGO,1
Prairie Village,KS,JOHNSON,1
Prattsville,NY,GREENE,1
Princeton,WV,MERCER,51
Prior Lake,MN,SCOTT,2
Pulaski,PA,LAWRENCE,1
Quincy,MA,NORFOLK,2
Racine,WI,RACINE,1
Raleigh,NC,WAKE,1
Ramona,CA,SAN DIEGO,1
Rancho Santa Margarita,CA,ORANGE,2
Rapid City,SD,PENNINGTON,2
Red Hook,NY,DUTCHESS,1
Red Wing,MN,GOODHUE,1
Redondo Beach,CA,LOS ANGELES,1
Reno,NV,WASHOE,3
Reston,VA,FAIRFAX,3
Reynoldsburg,OH,FRANKLIN,2
Rice,TX,NAVARRO,2
Richardson,TX,DALLAS,1
Richland Center,WI,RICHLAND,1
Richlands,NC,ONSLOW,1
Richlandtown,PA,BUCKS,1
Richmond,IN,WAYNE,1
Richmond,UT,CACHE,1
Richmond,VA,RICHMOND CITY,5
Richmond Hill,GA,BRYAN,3
Richville,MN,OTTER TAIL,1
Ridgefield,CT,FAIRFIELD,1
Ridgeland,SC,JASPER,1
Ridgewood,NJ,BERGEN,1
Rio,WI,COLUMBIA,1
Rochester,MN,OLMSTED,2
Rochester,NH,STRAFFORD,1
Rochester,NY,MONROE,5
Rockbridge,OH,HOCKING,1
Rockford,IL,WINNEBAGO,3
Rockport,TX,ARANSAS,1
Rocky Mount,NC,EDGECOMBE,1
Rogers,AR,BENTON,2
Rosemead,CA,LOS ANGELES,1
Roswell,GA,FULTON,1
Round Lake,NY,SARATOGA,1
Round Rock,TX,WILLIAMSON,1
Roxbury,CT,LITCHFIELD,1
Roy,UT,WEBER,1
Royal Oak,MI,OAKLAND,1
Rushville,IN,RUSH,1
Rye,NY,WESTCHESTER,2
Sachse,TX,DALLAS,1
Saco,ME,YORK,1
Sag Harbor,NY,SUFFOLK,4
Saginaw,MI,SAGINAW,1
Salado,TX,BELL,1
Salem,CT,NEW LONDON,1
Salem,MA,ESSEX,1
Salem,MO,DENT,1
Salem,WI,KENOSHA,2
Salisbury,MA,ESSEX,3
Salisbury,NC,ROWAN,1
Salt Lake City,UT,SALT LAKE,3
San Antonio,TX,BEXAR,1
San Diego,CA,SAN DIEGO,4
San Leandro,CA,ALAMEDA,1
San Luis Obispo,CA,SAN LUIS OBISPO,1
San Marcos,TX,HAYS,4
San Ramon,CA,CONTRA COSTA,1
Sanbornton,NH,BELKNAP,1
Sand Springs,OK,TULSA,2
Sandusky,MI,SANILAC,2
Sandy,UT,SALT LAKE,1
Sanford,ME,YORK,1
Santa Clarita,CA,LOS ANGELES,2
Santa Fe,NM,SANTA FE,2
Santa Rosa Beach,FL,WALTON,1
Sapulpa,OK,CREEK,1
Saratoga Springs,UT,UTAH,1
Satellite Beach,FL,BREVARD,1
Savage,MN,SCOTT,1
Savanna,IL,CARROLL,15
Savannah,GA,CHATHAM,3
Savannah,NY,WAYNE,1
Schaumburg,IL,COOK,2
Schenectady,NY,SCHENECTADY,4
Schoolcraft,MI,KALAMAZOO,1
Scottsville,NY,MONROE,1
Seaford,NY,NASSAU,1
Seaford,VA,YORK,1
Seguin,TX,GUADALUPE,18
Seneca,SC,OCONEE,1
Seymour,CT,NEW HAVEN,0
Seymour,TN,SEVIER,1
Shakopee,MN,SCOTT,2
Shannon,NC,ROBESON,1
Sharon,MA,NORFOLK,1
Sharon,PA,MERCER,1
Shawano,WI,SHAWANO,1
Shawnee,KS,JOHNSON,1
Sheboygan,WI,SHEBOYGAN,4
Shelby,NC,CLEVELAND,1
Shell Lake,WI,WASHBURN,4
Shelton,CT,FAIRFIELD,1
Sherborn,MA,MIDDLESEX,2
Sherman,TX,GRAYSON,1
Simi Valley,CA,VENTURA,1
Simpsonville,KY,SHELBY,2
Simpsonville,SC,GREENVILLE,1
Sinking Spring,OH,HIGHLAND,2
Sioux Falls,SD,MINNEHAHA,1
Skaneateles,NY,ONONDAGA,1
Skokie,IL,COOK,3
Slidell,LA,SAINT TAMMANY,1
Slocomb,AL,GENEVA,1
Smith River,CA,DEL NORTE,2
Smithfield,VA,ISLE OF WIGHT,1
Smyrna,DE,KENT,4
Smyrna,GA,COBB,1
Snow Hill,MD,WORCESTER,1
Snyder,CO,MORGAN,1
Solon Springs,WI,DOUGLAS,1
Somers,CT,TOLLAND,1
Somerset,MA,BRISTOL,1
Souderton,PA,MONTGOMERY,1
South Bend,IN,ST JOSEPH,1
South Burlington,VT,CHITTENDEN,1
South Glens Falls,NY,SARATOGA,1
South Haven,MI,VAN BUREN,2
South Hero,VT,GRAND ISLE,1
South Portland,ME,CUMBERLAND,3
Southern Pines,NC,MOORE,1
Southport,NC,BRUNSWICK,1
Sparks,NV,WASHOE,2
Sparks Glencoe,MD,BALTIMORE,1
Spicewood,TX,TRAVIS,1
Spring,TX,HARRIS,1
Spring City,PA,CHESTER,2
Spring Grove,IL,MCHENRY,1
Spring Lake,MI,OTTAWA,1
Springfield,MO,GREENE,4
Springfield,VA,FAIRFAX,2
Springville,IA,LINN,1
Springville,NY,ERIE,1
Stanardsville,VA,GREENE,1
Standish,ME,CUMBERLAND,1
Stapleton,NE,LOGAN,1
Statesboro,GA,BULLOCH,1
Statesville,NC,IREDELL,1
Sterling,VA,LOUDOUN,1
Sterling Heights,MI,MACOMB,2
Stevens Point,WI,PORTAGE,2
Stevensville,MD,QUEEN ANNES,0
Stevensville,MI,BERRIEN,1
Stillwater,OK,PAYNE,1
Stockbridge,MA,BERKSHIRE,1
Stockton,CA,SAN JOAQUIN,1
Stone Mountain,GA,DEKALB,1
Stonington,CT,NEW LONDON,3
Stoughton,MA,NORFOLK,1
Stoughton,WI,DANE,1
Streator,IL,LA SALLE,1
Stuart,FL,MARTIN,1
Sturgeon Bay,WI,DOOR,1
Sturgis,MI,SAINT JOSEPH,2
Suffolk,VA,SUFFOLK CITY,1
Sullivan,WI,JEFFERSON,1
Summerfield,FL,MARION,5
Sunbury,PA,NORTHUMBERLAND,1
Superior,WI,DOUGLAS,1
Sussex,WI,WAUKESHA,2
Suttons Bay,MI,LEELANAU,2
Swampscott,MA,ESSEX,2
Swarthmore,PA,DELAWARE,1
Syracuse,NY,ONONDAGA,2
Tabernacle,NJ,BURLINGTON,1
Tahlequah,OK,CHEROKEE,1
Tallahassee,FL,LEON,0
Tampa,FL,HILLSBOROUGH,2
Tamworth,NH,CARROLL,3
Taylor,TX,WILLIAMSON,3
Temecula,CA,RIVERSIDE,2
Tempe,AZ,MARICOPA,1
Temperance,MI,MONROE,1
Temple,TX,BELL,1
Terre Haute,IN,VIGO,2
Thibodaux,LA,LAFOURCHE,1
Thief River Falls,MN,PENNINGTON,1
Thomas,WV,TUCKER,2
Tiffin,IA,JOHNSON,1
Tinley Park,IL,COOK,2
Tolland,CT,TOLLAND,2
Tollesboro,KY,LEWIS,1
Topeka,KS,SHAWNEE,4
Topsham,ME,SAGADAHOC,1
Torrey,UT,WAYNE,2
Trappe,MD,TALBOT,0
Traverse City,MI,GRAND TRAVERSE,4
Trent,SD,MOODY,1
Tridell,UT,UINTAH,1
Trout Lake,MI,CHIPPEWA,2
Troy,MI,OAKLAND,1
Tulsa,OK,TULSA,9
Tunica,MS,TUNICA,1
Tupper Lake,NY,FRANKLIN,5
Tuscola,IL,DOUGLAS,1
Tuttle,OK,GRADY,1
Tuxedo Park,NY,ORANGE,0
Two Harbors,MN,LAKE,1
Two Rivers,WI,MANITOWOC,1
Tybee Island,GA,CHATHAM,1
Unionville,NY,ORANGE,5
Vacaville,CA,SOLANO,1
Valley City,ND,BARNES,1
Valparaiso,IN,PORTER,6
Vass,NC,MOORE,1
Vermillion,SD,CLAY,1
Vermontville,NY,FRANKLIN,12
Vernal,UT,UINTAH,3
Vernon Hill,VA,HALIFAX,1
Versailles,KY,WOODFORD,2
Victoria,TX,VICTORIA,2
Virginia Beach,VA,VIRGINIA BEACH CITY,8
Viroqua,WI,VERNON,2
Wahoo,NE,SAUNDERS,1
Wake Forest,NC,WAKE,2
Wallingford,CT,NEW HAVEN,1
Walnut Creek,CA,CONTRA COSTA,3
Walpole,MA,NORFOLK,1
Walworth,NY,WAYNE,1
Walworth,WI,WALWORTH,1
Wamego,KS,POTTAWATOMIE,1
Wanaque,NJ,PASSAIC,1
Warren,ME,KNOX,1
Warren,MI,MACOMB,3
Warrens,WI,MONROE,1
Warsaw,IN,KOSCIUSKO,1
Wartburg,TN,MORGAN,2
Washington,NC,BEAUFORT,1
Washington Court House,OH,FAYETTE,1
Waterbury Center,VT,WASHINGTON,1
Waterford,CT,NEW LONDON,1
Waterford,NY,SARATOGA,1
Watertown,MA,MIDDLESEX,2
Watertown,SD,CODINGTON,2
Waterville,ME,KENNEBEC,1
Watsontown,PA,NORTHUMBERLAND,2
Wattsburg,PA,ERIE,1
Waukegan,IL,LAKE,1
Waukesha,WI,WAUKESHA,2
Waunakee,WI,DANE,1
Waupaca,WI,WAUPACA,1
Wausau,WI,MARATHON,2
Wauseon,OH,FULTON,1
Waverly,IL,MORGAN,1
Waxahachie,TX,ELLIS,2
Waynesville,OH,WARREN,2
Webster,NY,MONROE,3
Webster,TX,HARRIS,1
Weimar,TX,COLORADO,1
Welaka,FL,PUTNAM,1
Wellesley,MA,NORFOLK,1
Wellsville,NY,ALLEGANY,1
Wenham,MA,ESSEX,1
Wernersville,PA,BERKS,1
West Boylston,MA,WORCESTER,1
West Chester,PA,CHESTER,1
West Covina,CA,LOS ANGELES,1
West Hartford,CT,HARTFORD,1
West Haverstraw,NY,ROCKLAND,1
West Jefferson,NC,ASHE,1
West Liberty,IA,MUSCATINE,1
West Orange,NJ,ESSEX,1
West Palm Beach,FL,PALM BEACH,1
West Union,OH,ADAMS,4
Westernport,MD,ALLEGANY,1
Westfield,NJ,UNION,1
Westhampton Beach,NY,SUFFOLK,1
Westlake,OH,CUYAHOGA,1
Westland,MI,WAYNE,3
Westmont,IL,DUPAGE,1
Weston,CT,FAIRFIELD,2
Wharton,TX,WHARTON,3
Wheaton,IL,DUPAGE,1
Wheeling,WV,OHIO,1
White Cloud,MI,NEWAYGO,1
Whites City,NM,EDDY,5
Whitewater,WI,WALWORTH,1
Whiting,IN,LAKE,1
Whitney Point,NY,BROOME,1
Whitsett,NC,GUILFORD,1
Wichita,KS,SEDGWICK,12
Williamsburg,MA,HAMPSHIRE,1
Williamsburg,VA,JAMES CITY,1
Williamston,SC,ANDERSON,1
Willington,CT,TOLLAND,1
Willis,MI,WASHTENAW,1
Williston,VT,CHITTENDEN,1
Wilmette,IL,COOK,3
Wilmington,NC,NEW HANOVER,1
Wilmington,OH,CLINTON,3
Wilton,CT,FAIRFIELD,1
Winchendon,MA,WORCESTER,1
Winchester,KY,CLARK,1
Winchester,VA,WINCHESTER CITY,2
Windber,PA,SOMERSET,1
Windsor,ME,KENNEBEC,1
Windsor,VT,WINDSOR,1
Winnsboro,SC,FAIRFIELD,1
Winona,MN,WINONA,1
Winter Harbor,ME,HANCOCK,1
Woburn,MA,MIDDLESEX,1
Woodbridge,CT,NEW HAVEN,2
Woodbridge,VA,PRINCE WILLIAM,1
Woodland,CA,YOLO,2
Woodruff,WI,ONEIDA,1
Woodstock,GA,CHEROKEE,2
Woodstock,VT,WINDSOR,1
Worcester,MA,WORCESTER,3
Wright,MN,CARLTON,2
Wynnewood,PA,MONTGOMERY,1
Xenia,OH,GREENE,1
Yonkers,NY,WESTCHESTER,2
York,PA,YORK,3
Yorktown,VA,YORK,2
Youngsville,LA,LAFAYETTE,2
Ypsilanti,MI,WASHTENAW,3
Yukon,OK,CANADIAN,2
Zimmerman,MN,SHERBURNE,1
