City,State/Province,County,Count,Latitude,Longitude
abilene,TX,TAYLOR,140,32.5,-99.7
accord,NY,ULSTER,5,41.8,-74.2
acworth,GA,CHEROKEE,6,34.0,-84.7
acworth,GA,COBB,12,34.0,-84.7
adel,GA,COOK,1,31.1,-83.4
akron,MI,TUSCOLA,11,43.6,-83.5
albuquerque,NM,BERNALILLO,45,35.1,-106.6
alburgh,VT,GRAND ISLE,6,45.0,-73.3
alexander city,AL,TALLAPOOSA,20,32.9,-86.0
alexandria,VA,ALEXANDRIA CITY,33,38.8,-77.1
alexandria,VA,FAIRFAX,30,38.8,-77.1
algoma,WI,KEWAUNEE,10,44.6,-87.5
allen,TX,COLLIN,9,33.1,-96.6
allentown,PA,LEHIGH,6,40.6,-75.5
alton,IL,MADISON,8,38.9,-90.2
altoona,IA,POLK,9,41.6,-93.7
alva,OK,WOODS,6,36.8,-98.8
alvarado,TX,JOHNSON,2,32.4,-97.2
amarillo,TX,POTTER,8,35.2,-101.8
amarillo,TX,RANDALL,4,35.2,-101.8
ambler,PA,MONTGOMERY,10,40.2,-75.2
amelia,OH,CLERMONT,6,39.0,-84.2
amherst,NH,HILLSBOROUGH,1,42.9,-71.6
anderson,CA,SHASTA,2,40.5,-122.3
ann arbor,MI,WASHTENAW,11,42.3,-83.8
annapolis,MD,ANNE ARUNDEL,30,39.0,-76.6
apex,NC,WAKE,2,35.7,-78.9
apopka,FL,ORANGE,4,28.7,-81.5
arbuckle,CA,COLUSA,2,39.0,-122.0
ardmore,PA,MONTGOMERY,1,40.0,-75.3
arlington,MA,MIDDLESEX,84,42.4,-71.2
arlington,TX,TARRANT,48,32.6,-97.2
arlington,VA,ARLINGTON,17,38.9,-77.1
armada,MI,MACOMB,2,42.8,-82.9
asheboro,NC,RANDOLPH,1,35.6,-79.8
asheville,NC,BUNCOMBE,18,35.6,-82.6
astoria,NY,QUEENS,16,40.8,-73.9
atco,NJ,CAMDEN,3,39.8,-74.9
athens,GA,CLARKE,54,34.0,-83.4
atlanta,GA,COBB,72,33.8,-84.4
atlanta,GA,DEKALB,153,33.8,-84.4
atlanta,GA,FULTON,261,33.8,-84.4
atlantic beach,FL,DUVAL,15,30.4,-81.4
attleboro,MA,BRISTOL,9,41.9,-71.3
auburn,MI,BAY,3,43.6,-84.1
auburndale,FL,POLK,1,28.1,-81.8
augusta,KY,BRACKEN,12,38.7,-84.0
aurora,CO,ADAMS,5,39.7,-104.9
aurora,CO,ARAPAHOE,4,39.7,-104.9
aurora,IL,DUPAGE,9,41.8,-88.2
aurora,IL,KANE,12,41.8,-88.2
aurora,IL,WILL,3,41.8,-88.2
austin,TX,HAYS,131,30.2,-97.7
austin,TX,TRAVIS,5633,30.2,-97.7
austin,TX,WILLIAMSON,393,30.2,-97.7
avinger,TX,CASS,2,32.9,-94.6
avon,IN,HENDRICKS,5,39.8,-86.4
baltimore,MD,ANNE ARUNDEL,82,39.3,-76.6
baltimore,MD,BALTIMORE,123,39.3,-76.6
baltimore,MD,BALTIMORE CITY,1558,39.3,-76.6
barnegat light,NJ,OCEAN,135,39.8,-74.1
bartlesville,OK,WASHINGTON,88,36.7,-96.1
bastrop,LA,MOREHOUSE,8,32.9,-91.9
bastrop,TX,BASTROP,4,30.2,-97.3
baton rouge,LA,EAST BATON ROUGE,1819,30.4,-91.2
bay city,MI,BAY,1,43.6,-84.0
bay city,TX,MATAGORDA,50,29.0,-95.9
bay village,OH,CUYAHOGA,154,41.5,-81.9
bayside,NY,QUEENS,10,40.8,-73.8
bayville,NJ,OCEAN,453,39.9,-74.2
beach haven,NJ,OCEAN,364,39.6,-74.2
bearsville,NY,ULSTER,38,42.0,-74.2
beaufort,NC,CARTERET,2,34.9,-76.6
beaver falls,PA,BEAVER,4,40.8,-80.4
bedford,VA,BEDFORD,7,37.3,-79.5
bel air,MD,HARFORD,1,39.5,-76.4
bella vista,AR,BENTON,4,36.5,-94.2
bemidji,MN,BELTRAMI,20,47.5,-94.7
bensalem,PA,BUCKS,65,40.1,-74.9
benson,NC,JOHNSTON,1,35.4,-78.5
benton,AR,SALINE,8,34.6,-92.7
benton city,WA,BENTON,8,46.3,-119.5
bentonville,AR,BENTON,4,36.3,-94.3
bergheim,TX,KENDALL,11,29.8,-98.6
berlin,MA,WORCESTER,12,42.4,-71.6
berryville,VA,CLARKE,6,39.2,-78.0
bethel,OH,CLERMONT,20,38.9,-84.1
bethlehem,NH,GRAFTON,1,44.3,-71.7
beverly,MA,ESSEX,10,42.6,-70.9
big bend national park,TX,BREWSTER,18,29.3,-103.3
big pine,CA,INYO,21,37.2,-118.0
big rock,IL,KANE,3,41.8,-88.5
big sur,CA,MONTEREY,8,36.3,-121.8
billingsley,AL,AUTAUGA,2,32.6,-86.7
birmingham,AL,JEFFERSON,208,33.5,-86.8
birmingham,AL,SHELBY,28,33.5,-86.8
bishop,CA,INYO,135,37.5,-118.4
black canyon city,AZ,YAVAPAI,3,34.1,-111.9
black mountain,NC,BUNCOMBE,16,35.6,-82.3
black river falls,WI,JACKSON,3,44.3,-90.8
blanchard,OK,MCCLAIN,14,35.1,-97.6
block island,RI,WASHINGTON,2,41.2,-71.6
bloomfield,NJ,ESSEX,28,40.8,-74.2
blooming grove,NY,ORANGE,6,41.4,-74.2
bloomingdale,NJ,PASSAIC,9,41.0,-74.3
bloomington,IN,MONROE,15,39.1,-86.5
blountville,TN,SULLIVAN,4,36.5,-82.4
blue mound,IL,MACON,4,39.7,-89.1
bluemont,VA,CLARKE,2,39.1,-77.8
bluffton,SC,BEAUFORT,6,32.2,-80.9
boerne,TX,KENDALL,93,29.8,-98.8
boone,IA,BOONE,6,42.1,-93.8
boone,NC,WATAUGA,247,36.2,-81.7
boothbay harbor,ME,LINCOLN,28,43.9,-69.6
bordentown,NJ,BURLINGTON,2,40.1,-74.7
boston,MA,SUFFOLK,180,42.4,-71.1
boulder,CO,BOULDER,12,40.0,-105.2
bow,NH,MERRIMACK,10,43.1,-71.5
bowie,TX,MONTAGUE,5,33.6,-97.8
boylston,MA,WORCESTER,2,42.4,-71.7
boynton beach,FL,PALM BEACH,18,26.5,-80.1
bradenton,FL,MANATEE,32,27.4,-82.5
bradford,VT,ORANGE,3,44.0,-72.2
bradyville,TN,CANNON,1,35.7,-86.1
brandon,MN,DOUGLAS,4,45.9,-95.4
brandon,MS,RANKIN,1,32.3,-89.9
branson,MO,TANEY,210,36.6,-93.2
brevard,NC,TRANSYLVANIA,4,35.2,-82.8
brewster,KS,THOMAS,1,39.4,-101.3
brewster,WA,OKANOGAN,3,48.2,-119.8
bridgeport,MI,SAGINAW,1,43.3,-83.8
bridgewater,MA,PLYMOUTH,4,42.0,-71.0
bridport,VT,ADDISON,1,43.9,-73.4
brigantine,NJ,ATLANTIC,22,39.4,-74.4
bristol,CT,HARTFORD,2,41.7,-72.9
bristolville,OH,TRUMBULL,3,41.4,-80.9
broadview heights,OH,CUYAHOGA,3,41.3,-81.7
broken arrow,OK,TULSA,4,36.0,-95.8
broken arrow,OK,WAGONER,4,36.0,-95.8
bronte,TX,COKE,7,31.9,-100.3
bronx,NY,BRONX,27,40.8,-73.9
brookeville,MD,MONTGOMERY,12,39.2,-77.1
brooklin,ME,HANCOCK,5,44.2,-68.5
brookline,MA,NORFOLK,2,42.3,-71.1
brooklyn,NY,KINGS,114,40.7,-74.0
bruneau,ID,OWYHEE,28,42.5,-115.5
brunswick,ME,CUMBERLAND,30,43.9,-70.0
bryan,TX,BRAZOS,16,30.6,-96.4
budd lake,NJ,MORRIS,8,40.9,-74.8
buffalo,MN,WRIGHT,1,45.2,-93.9
buffalo gap,TX,TAYLOR,1,32.2,-99.9
buford,GA,GWINNETT,20,34.1,-84.0
burkburnett,TX,WICHITA,4,34.1,-98.6
burleson,TX,JOHNSON,9,32.5,-97.3
burlington,CT,HARTFORD,50,41.8,-73.0
burlington,VT,CHITTENDEN,84,44.5,-73.2
burlington,WI,RACINE,2,42.7,-88.3
burnt hills,NY,SARATOGA,1,42.9,-73.9
burton,OH,GEAUGA,2,41.4,-81.2
byron,MI,SHIAWASSEE,2,42.8,-84.0
caddo mills,TX,HUNT,79,33.1,-96.2
calais,VT,WASHINGTON,75,44.4,-72.5
caldwell,NJ,ESSEX,10,40.9,-74.3
cambria,CA,SAN LUIS OBISPO,1,35.6,-121.1
cambridge,MA,MIDDLESEX,22,42.4,-71.1
camden,ME,KNOX,2,44.2,-69.1
cameron,TX,MILAM,438,30.8,-97.0
campbell hall,NY,ORANGE,22,41.4,-74.3
canadensis,PA,MONROE,1,41.2,-75.2
canandaigua,NY,ONTARIO,3,42.8,-77.3
candler,NC,BUNCOMBE,18,35.5,-82.7
canton,GA,CHEROKEE,10,34.2,-84.5
canton,OH,STARK,84,40.8,-81.4
canton,TX,VAN ZANDT,2,32.5,-95.9
cantonment,FL,ESCAMBIA,4,30.6,-87.3
canyon,TX,RANDALL,4,34.9,-101.9
canyon lake,TX,COMAL,120,29.9,-98.3
cape coral,FL,LEE,35,26.6,-81.9
cape girardeau,MO,CAPE GIRARDEAU,4,37.3,-89.6
cape may,NJ,CAPE MAY,768,39.0,-74.9
carbondale,IL,JACKSON,72,37.7,-89.2
carmel,IN,HAMILTON,1,40.0,-86.2
carrollton,TX,DALLAS,1,33.0,-96.9
carrollton,TX,DENTON,1,33.0,-96.9
cartersville,GA,BARTOW,12,34.2,-84.8
cascade,WI,SHEBOYGAN,1,43.7,-88.1
cashiers,NC,JACKSON,7,35.1,-83.1
casselberry,FL,SEMINOLE,30,28.7,-81.3
catawissa,MO,FRANKLIN,6,38.4,-90.8
cayucos,CA,SAN LUIS OBISPO,6,35.4,-120.9
cedar rapids,IA,LINN,112,42.0,-91.7
center barnstead,NH,BELKNAP,2,43.3,-71.2
center junction,IA,JONES,2,42.1,-91.1
centerville,TX,LEON,10,31.3,-95.9
central point,OR,JACKSON,2,42.4,-122.9
chadwicks,NY,ONEIDA,8,43.0,-75.3
champaign,IL,CHAMPAIGN,1,40.1,-88.2
champlain,NY,CLINTON,3,45.0,-73.4
chandler,AZ,MARICOPA,14,33.3,-111.9
chapel hill,NC,ORANGE,8,35.9,-79.0
chardon,OH,GEAUGA,76,41.6,-81.2
charles city,VA,CHARLES CITY,3,37.3,-77.2
charleston,SC,BERKELEY,28,32.8,-79.9
charleston,SC,CHARLESTON,77,32.8,-79.9
charlestown,RI,WASHINGTON,9,41.4,-71.7
charlotte,NC,MECKLENBURG,448,35.2,-80.8
charlotte,VT,CHITTENDEN,10,44.3,-73.2
charlton,MA,WORCESTER,2,42.1,-72.0
chatham,NH,CARROLL,4,44.2,-71.1
chelmsford,MA,MIDDLESEX,18,42.5,-71.2
chelsea,MA,SUFFOLK,12,42.4,-71.0
cherokee,OK,ALFALFA,4,36.8,-98.4
chesapeake beach,MD,CALVERT,2,38.7,-76.5
cheshire,CT,NEW HAVEN,18,41.5,-72.9
chesterton,IN,PORTER,20,41.6,-87.0
chevy chase,MD,MONTGOMERY,9,39.0,-77.1
chicago,IL,COOK,3828,41.9,-87.6
chickasha,OK,GRADY,12,35.0,-98.0
chicopee,MA,HAMPDEN,54,42.1,-72.6
christiana,PA,LANCASTER,42,39.9,-76.0
cibolo,TX,GUADALUPE,21,29.6,-98.2
cincinnati,OH,CLERMONT,18,39.1,-84.5
cincinnati,OH,HAMILTON,666,39.1,-84.5
circleville,WV,PENDLETON,10,38.6,-79.6
claremore,OK,ROGERS,25,36.3,-95.6
clarion,PA,CLARION,35,41.3,-79.3
clarklake,MI,JACKSON,1,42.1,-84.4
clarksburg,WV,HARRISON,7,39.3,-80.4
clarkston,MI,OAKLAND,4,42.7,-83.4
clarksville,TN,MONTGOMERY,42,36.5,-87.3
clayton,NY,JEFFERSON,35,44.2,-76.1
cleveland,WI,MANITOWOC,3,43.9,-87.7
clinton,CT,MIDDLESEX,61,41.3,-72.5
clinton township,MI,MACOMB,2,42.6,-82.9
cloverdale,VA,BOTETOURT,1,37.4,-79.9
coarsegold,CA,MADERA,5,37.3,-119.8
coffeyville,KS,MONTGOMERY,2,37.1,-95.6
cohasset,MA,NORFOLK,4,42.2,-70.8
colbert,GA,MADISON,1,34.0,-83.2
colchester,VT,CHITTENDEN,12,44.5,-73.2
college station,TX,BRAZOS,16,30.6,-96.3
colleyville,TX,TARRANT,3,32.9,-97.1
colton,NY,SAINT LAWRENCE,7,44.3,-74.8
columbia,MD,HOWARD,4,39.2,-76.8
columbia,MS,MARION,4,31.2,-89.8
columbia,SC,LEXINGTON,3,34.0,-81.0
columbia,SC,RICHLAND,50,34.0,-81.0
columbus,OH,DELAWARE,5,40.1,-83.0
columbus,OH,FRANKLIN,135,40.1,-83.0
comfort,TX,KENDALL,7,30.0,-98.7
comstock park,MI,KENT,1,43.1,-85.7
concord,MA,MIDDLESEX,3,42.4,-71.3
concord,NC,CABARRUS,5,35.4,-80.5
concord,NH,MERRIMACK,50,43.3,-71.5
conestoga,PA,LANCASTER,60,39.9,-76.4
conesville,OH,COSHOCTON,1,40.2,-81.9
confluence,PA,SOMERSET,3,40.0,-79.6
conneaut,OH,ASHTABULA,21,41.9,-80.6
connellsville,PA,FAYETTE,80,40.0,-79.6
conroe,TX,MONTGOMERY,28,30.3,-95.4
conshohocken,PA,MONTGOMERY,4,40.1,-75.3
conway,SC,HORRY,14,33.9,-79.0
conyers,GA,ROCKDALE,47,33.7,-84.0
cooper,TX,DELTA,11,33.4,-95.6
copper hill,VA,FLOYD,2,37.0,-80.2
copperas cove,TX,CORYELL,16,31.3,-98.1
coram,NY,SUFFOLK,11,40.9,-73.0
cordova,TN,SHELBY,4,35.2,-89.8
corinth,NY,SARATOGA,12,43.2,-73.9
corinth,VT,ORANGE,12,44.0,-72.3
cornwall,NY,ORANGE,35,41.4,-74.0
corolla,NC,CURRITUCK,7,36.3,-75.8
corpus christi,TX,NUECES,55,27.8,-97.4
corte madera,CA,MARIN,1,37.9,-122.5
cortland,NY,CORTLAND,12,42.6,-76.2
costa mesa,CA,ORANGE,3,33.7,-117.9
cottage grove,WI,DANE,5,43.1,-89.2
council bluffs,IA,POTTAWATTAMIE,12,41.3,-96.0
covina,CA,LOS ANGELES,2,34.1,-117.9
covington,GA,NEWTON,3,33.6,-83.9
covington,TN,TIPTON,60,35.6,-89.6
crawfordville,FL,WAKULLA,21,30.2,-84.4
creswell,NC,WASHINGTON,16,35.8,-76.5
crisfield,MD,SOMERSET,2,38.0,-75.8
cross plains,TX,CALLAHAN,1,32.2,-99.3
crystal lake,IL,MCHENRY,42,42.2,-88.3
crystal river,FL,CITRUS,2,29.0,-82.6
cub run,KY,HART,15,37.3,-86.1
cuba,MO,CRAWFORD,1,38.1,-91.4
cullman,AL,CULLMAN,3,34.2,-86.8
cumming,GA,FORSYTH,20,34.2,-84.2
cypress,TX,HARRIS,7,30.0,-95.7
dallas,TX,COLLIN,32,32.8,-96.8
dallas,TX,DALLAS,368,32.8,-96.8
dalton,GA,WHITFIELD,3,34.7,-84.9
damariscotta,ME,LINCOLN,8,44.0,-69.5
dana point,CA,ORANGE,12,33.5,-117.7
darien,IL,DUPAGE,3,41.8,-88.0
davenport,FL,POLK,12,28.2,-81.6
davis,CA,YOLO,2,38.6,-121.8
davisburg,MI,OAKLAND,3,42.7,-83.5
davison,MI,GENESEE,3,43.0,-83.5
dawsonville,GA,DAWSON,4,34.4,-84.2
dayton,OH,GREENE,13,39.8,-84.1
dayton,OH,MONTGOMERY,31,39.8,-84.1
de berry,TX,PANOLA,6,32.2,-94.1
dearborn,MI,WAYNE,56,42.3,-83.2
dearing,GA,MCDUFFIE,1,33.4,-82.4
decatur,GA,DEKALB,12,33.8,-84.3
deep gap,NC,WATAUGA,60,36.2,-81.5
deer park,WI,SAINT CROIX,2,45.2,-92.3
deerfield,NH,ROCKINGHAM,5,43.1,-71.3
del rio,TX,VAL VERDE,12,29.9,-100.9
delancey,NY,DELAWARE,2,42.2,-75.0
delanco,NJ,BURLINGTON,6,40.1,-75.0
deland,FL,VOLUSIA,4,29.0,-81.4
delmar,DE,SUSSEX,1,38.5,-75.6
delray beach,FL,PALM BEACH,64,26.5,-80.1
delta,CO,DELTA,1,38.7,-108.2
demotte,IN,JASPER,2,41.2,-87.3
denair,CA,STANISLAUS,4,37.5,-120.7
denton,TX,DENTON,81,33.2,-97.1
des moines,IA,POLK,28,41.6,-93.6
descanso,CA,SAN DIEGO,5,32.9,-116.6
destin,FL,OKALOOSA,20,30.4,-86.5
diamond bar,CA,LOS ANGELES,6,34.0,-117.8
dobbin,TX,MONTGOMERY,2,30.4,-95.8
dothan,AL,HOUSTON,42,31.2,-85.5
douglassville,TX,CASS,14,33.2,-94.4
downers grove,IL,DUPAGE,1,41.8,-88.0
driftwood,TX,HAYS,3,30.1,-98.0
dubuque,IA,DUBUQUE,33,42.5,-90.7
dudley,MA,WORCESTER,1,42.1,-71.9
duluth,MN,SAINT LOUIS,28,47.1,-91.9
dumont,NJ,BERGEN,7,40.9,-74.0
dundalk,MD,BALTIMORE,24,39.2,-76.5
dunkirk,MD,CALVERT,4,38.7,-76.6
dunkirk,NY,CHAUTAUQUA,9,42.5,-79.3
dunn,NC,HARNETT,2,35.3,-78.6
eagle pass,TX,MAVERICK,10,28.5,-100.5
eagleville,PA,MONTGOMERY,6,40.1,-75.3
east lansing,MI,INGHAM,1,42.8,-84.4
east marion,NY,SUFFOLK,68,41.1,-72.3
eastham,MA,BARNSTABLE,4,41.8,-70.0
eastlake,OH,LAKE,5,41.7,-81.5
eastpoint,FL,FRANKLIN,96,29.9,-84.9
eatonton,GA,PUTNAM,40,33.3,-83.4
eden,NC,ROCKINGHAM,7,36.5,-79.8
el cajon,CA,SAN DIEGO,3,32.8,-116.9
el segundo,CA,LOS ANGELES,4,33.9,-118.4
eldora,IA,HARDIN,14,42.3,-93.1
elizabethtown,KY,HARDIN,4,37.7,-85.8
elkins park,PA,MONTGOMERY,8,40.1,-75.2
ellerslie,GA,HARRIS,5,32.6,-84.8
ellicott city,MD,HOWARD,5,39.3,-76.9
ellington,CT,TOLLAND,3,41.9,-72.5
elmhurst,IL,DUPAGE,3,41.9,-87.9
elwell,MI,GRATIOT,1,43.4,-84.8
emlenton,PA,VENANGO,15,41.2,-79.7
emmaus,PA,LEHIGH,30,40.5,-75.5
englewood,FL,CHARLOTTE,21,27.0,-82.3
englewood,FL,SARASOTA,21,27.0,-82.3
englishtown,NJ,MONMOUTH,4,40.3,-74.4
ephrata,PA,LANCASTER,20,40.2,-76.2
epsom,NH,MERRIMACK,2,43.2,-71.3
erlanger,KY,KENTON,4,39.0,-84.6
essex junction,VT,CHITTENDEN,24,44.5,-73.1
eustis,FL,LAKE,11,28.9,-81.6
evans,GA,COLUMBIA,1,33.6,-82.2
evansville,IN,VANDERBURGH,96,38.0,-87.6
everett,MA,MIDDLESEX,12,42.4,-71.1
excelsior springs,MO,CLAY,24,39.3,-94.2
fair haven,VT,RUTLAND,42,43.7,-73.3
fairfax,MN,RENVILLE,9,44.5,-94.7
fairfax,VA,FAIRFAX,4,38.8,-77.3
fairfax,VA,FAIRFAX CITY,1,38.8,-77.3
fairfax,VT,CHITTENDEN,2,44.7,-73.0
fairfield,NE,CLAY,3,40.4,-98.1
fairhaven,MA,BRISTOL,1,41.6,-70.9
fairlee,VT,ORANGE,36,43.9,-72.2
fairmont,WV,MARION,16,39.5,-80.1
fairview,NC,BUNCOMBE,6,35.5,-82.4
falcon,NC,CUMBERLAND,1,35.2,-78.7
falls church,VA,FAIRFAX,49,38.9,-77.2
falls church,VA,FALLS CHURCH CITY,7,38.9,-77.2
fallston,MD,HARFORD,1,39.5,-76.4
falmouth,MA,BARNSTABLE,32,41.6,-70.6
farmington,ME,FRANKLIN,3,44.7,-70.1
fayetteville,AR,WASHINGTON,104,36.0,-94.1
fayetteville,NC,CUMBERLAND,574,35.0,-78.7
fayetteville,OH,BROWN,3,39.2,-83.9
fayetteville,WV,FAYETTE,30,38.0,-81.0
feasterville trevose,PA,BUCKS,42,40.1,-75.0
fernandina beach,FL,NASSAU,18,30.6,-81.5
fincastle,VA,BOTETOURT,2,37.5,-79.9
fishers,IN,HAMILTON,10,40.0,-86.0
flagstaff,AZ,COCONINO,28,35.5,-111.7
flint,MI,GENESEE,26,43.0,-83.7
florence,IN,SWITZERLAND,1,38.8,-84.9
florence,KY,BOONE,3,39.0,-84.7
florence,SC,FLORENCE,2,34.2,-79.8
floresville,TX,WILSON,7,29.2,-98.2
flower mound,TX,DENTON,18,33.0,-97.1
flowery branch,GA,HALL,42,34.2,-83.9
forest,VA,BEDFORD,10,37.4,-79.3
forest city,IA,WINNEBAGO,22,43.3,-93.6
fort myers,FL,LEE,8,26.6,-81.9
fort smith,AR,SEBASTIAN,4,35.4,-94.4
fort walton beach,FL,OKALOOSA,174,30.4,-86.6
fort wayne,IN,ALLEN,11,41.1,-85.2
fort worth,TX,TARRANT,770,32.8,-97.3
fountain hills,AZ,MARICOPA,3,33.6,-111.7
fox lake,WI,DODGE,1,43.6,-88.9
franklin,KY,SIMPSON,2,36.7,-86.6
franklin,NC,MACON,154,35.2,-83.4
franklin,NY,DELAWARE,4,42.3,-75.1
franklin,TN,WILLIAMSON,24,35.9,-86.9
frederick,OK,TILLMAN,1,34.5,-99.0
fredericksburg,TX,GILLESPIE,11,30.3,-98.9
fredonia,NY,CHAUTAUQUA,2,42.4,-79.3
freeburg,IL,SAINT CLAIR,1,38.4,-89.9
freeport,ME,CUMBERLAND,20,43.9,-70.1
fremont,CA,ALAMEDA,2,37.6,-122.0
frewsburg,NY,CHAUTAUQUA,1,42.0,-79.1
friendswood,TX,GALVESTON,14,29.5,-95.2
fulshear,TX,FORT BEND,12,29.7,-95.9
gadsden,AL,ETOWAH,25,34.0,-85.9
gaines,PA,TIOGA,12,41.7,-77.5
gainesville,FL,ALACHUA,180,29.6,-82.3
gainesville,TX,COOKE,12,33.7,-97.1
gainesville,VA,PRINCE WILLIAM,26,38.8,-77.6
gaithersburg,MD,MONTGOMERY,9,39.1,-77.2
galena,MD,KENT,16,39.3,-75.9
galveston,TX,GALVESTON,56,29.3,-94.8
garden city,MI,WAYNE,1,42.3,-83.3
gardendale,AL,JEFFERSON,7,33.7,-86.8
gardnerville,NV,DOUGLAS,12,38.8,-119.6
gates,NC,GATES,15,36.5,-76.8
gause,TX,MILAM,30,30.8,-96.7
georges mills,NH,SULLIVAN,1,43.4,-72.1
georgetown,ME,SAGADAHOC,6,43.8,-69.8
getzville,NY,ERIE,1,43.0,-78.8
gillett,PA,BRADFORD,21,42.0,-76.8
glen burnie,MD,ANNE ARUNDEL,8,39.2,-76.6
glen wild,NY,SULLIVAN,1,41.7,-74.6
godfrey,IL,MADISON,3,39.0,-90.2
goffstown,NH,HILLSBOROUGH,7,43.1,-71.6
goleta,CA,SANTA BARBARA,15,34.4,-119.9
goshen,CT,LITCHFIELD,2,41.9,-73.2
goshen,NY,ORANGE,20,41.4,-74.3
grafton,IL,JERSEY,9,39.0,-90.4
graham,NC,ALAMANCE,1,36.0,-79.3
graham,TX,YOUNG,1,33.1,-98.6
granby,MA,HAMPSHIRE,2,42.3,-72.5
grand forks,ND,GRAND FORKS,2,47.9,-97.1
grand isle,LA,JEFFERSON,1,29.2,-90.0
granger,IN,ST JOSEPH,2,41.7,-86.1
granite falls,NC,CALDWELL,10,35.8,-81.4
granville,OH,LICKING,1,40.1,-82.5
grapevine,TX,TARRANT,1,32.9,-97.1
grass lake,MI,JACKSON,3,42.3,-84.2
grayling,MI,CRAWFORD,8,44.7,-84.6
green lake,WI,GREEN LAKE,3,43.9,-89.0
greenbush,MI,ALCONA,1,44.5,-83.4
greenfield,IN,HANCOCK,36,39.8,-85.8
greenfield center,NY,SARATOGA,18,43.1,-73.9
greensboro,NC,GUILFORD,713,36.1,-79.8
greenville,MS,WASHINGTON,35,33.3,-91.0
greenville,NC,PITT,4,35.7,-77.4
greenville,NH,HILLSBOROUGH,162,42.7,-71.8
greenville,SC,GREENVILLE,70,34.8,-82.4
greenwich,CT,FAIRFIELD,9,41.0,-73.6
greenwood,IN,JOHNSON,9,39.6,-86.1
greenwood,SC,GREENWOOD,36,34.1,-82.2
gretna,LA,JEFFERSON,4,29.9,-90.0
greybull,WY,BIG HORN,1,44.6,-108.2
groton,MA,MIDDLESEX,6,42.6,-71.6
grottoes,VA,ROCKINGHAM,1,38.2,-78.8
groveland,MA,ESSEX,2,42.8,-71.0
gualala,CA,MENDOCINO,2,38.8,-123.4
guerneville,CA,SONOMA,2,38.5,-123.0
gulf breeze,FL,SANTA ROSA,186,30.4,-87.1
gulfport,MS,HARRISON,232,30.4,-89.1
guy,TX,FORT BEND,5,29.3,-95.8
hahira,GA,LOWNDES,1,31.0,-83.4
half moon bay,CA,SAN MATEO,2,37.5,-122.4
halifax,MA,PLYMOUTH,2,42.0,-70.9
halifax,PA,DAUPHIN,20,40.5,-76.8
hammonton,NJ,ATLANTIC,30,39.5,-74.9
hampton,NH,ROCKINGHAM,40,42.9,-70.8
hampton,VA,HAMPTON CITY,16,37.0,-76.4
hampton,VA,YORK,16,37.0,-76.4
hampton bays,NY,SUFFOLK,15,40.9,-72.5
hancock,ME,HANCOCK,3,44.5,-68.2
hancock,NH,HILLSBOROUGH,5,43.0,-72.0
hanover,NH,GRAFTON,22,43.7,-72.3
harlingen,TX,CAMERON,36,26.2,-97.7
harrisburg,PA,DAUPHIN,54,40.3,-76.8
harrisville,MI,ALCONA,16,44.6,-83.4
harrisville,NH,CHESHIRE,1,42.9,-72.1
hartford,AR,SEBASTIAN,4,35.0,-94.4
hartley,IA,OBRIEN,42,43.2,-95.5
hartsville,SC,DARLINGTON,1,34.4,-80.1
harvard,MA,WORCESTER,2,42.5,-71.6
haslet,TX,TARRANT,1,33.0,-97.4
hastings,NE,ADAMS,8,40.6,-98.4
hatfield,MO,HARRISON,1,40.5,-94.2
hattiesburg,MS,FORREST,116,31.2,-89.3
haverhill,MA,ESSEX,9,42.8,-71.1
hawley,PA,PIKE,48,41.5,-75.2
heflin,LA,WEBSTER,2,32.4,-93.3
heislerville,NJ,CUMBERLAND,72,39.2,-75.0
helotes,TX,BEXAR,26,29.6,-98.9
hemlock,MI,SAGINAW,4,43.4,-84.2
henderson,KY,HENDERSON,5,37.8,-87.6
hendersonville,NC,HENDERSON,45,35.3,-82.5
henrico,VA,HENRICO,16,36.6,-78.6
henrico,VA,RICHMOND CITY,3,36.6,-78.6
hephzibah,GA,RICHMOND,10,33.3,-82.1
herndon,VA,FAIRFAX,6,39.0,-77.4
hickory,NC,CATAWBA,54,35.8,-81.3
highland lakes,NJ,SUSSEX,63,41.2,-74.4
hilliard,FL,NASSAU,25,30.7,-81.9
hillsboro,MO,JEFFERSON,9,38.2,-90.6
hillsboro,OH,HIGHLAND,9,39.1,-83.6
hillsdale,NJ,BERGEN,15,41.0,-74.0
hilton head island,SC,BEAUFORT,3,32.2,-80.8
hingham,MA,PLYMOUTH,84,42.2,-70.9
holland,TX,BELL,9,30.9,-97.4
hollis,NH,HILLSBOROUGH,20,42.7,-71.6
holly,MI,OAKLAND,1,42.8,-83.6
holt,MI,INGHAM,5,42.6,-84.5
homer glen,IL,WILL,2,41.6,-87.9
honaunau,HI,HAWAII,1,19.4,-155.9
hope mills,NC,CUMBERLAND,1,34.9,-78.9
horseshoe bay,TX,LLANO,16,30.5,-98.4
houma,LA,TERREBONNE,3,29.6,-90.8
houston,TX,FORT BEND,53,29.8,-95.4
houston,TX,HARRIS,2279,29.8,-95.4
howard,PA,CENTRE,1,41.0,-77.7
howe,OK,LE FLORE,3,34.9,-94.7
hubbardston,MA,WORCESTER,1,42.5,-72.0
hudson,NY,COLUMBIA,12,42.2,-73.7
hudson,OH,SUMMIT,2,41.1,-81.6
hudson,WY,FREMONT,1,42.9,-108.6
hull,MA,PLYMOUTH,6,42.3,-70.9
humbird,WI,CLARK,1,44.5,-90.9
humble,TX,HARRIS,20,30.0,-95.2
huntington beach,CA,ORANGE,4,33.7,-118.0
huntsville,AL,MADISON,9,34.7,-86.6
hutchinson,KS,RENO,24,38.0,-98.1
hyattsville,MD,PRINCE GEORGES,54,39.0,-77.0
hyde park,VT,LAMOILLE,1,44.6,-72.6
imperial,PA,ALLEGHENY,1,40.3,-80.1
indianapolis,IN,HAMILTON,8,39.8,-86.1
indianapolis,IN,MARION,208,39.8,-86.1
indio,CA,RIVERSIDE,4,33.7,-116.2
ingleside,TX,SAN PATRICIO,6,27.9,-97.2
inkster,MI,WAYNE,1,42.3,-83.3
interlaken,NY,SENECA,3,42.6,-76.7
iowa city,IA,JOHNSON,3,41.7,-91.5
ipswich,MA,ESSEX,10,42.7,-70.8
ironton,MN,CROW WING,2,46.5,-94.0
irvington,NY,WESTCHESTER,9,41.0,-73.9
irvington,VA,LANCASTER,1,37.7,-76.4
island,KY,MCLEAN,2,37.4,-87.2
islip,NY,SUFFOLK,6,40.7,-73.2
ithaca,NY,TOMPKINS,12,42.4,-76.5
jackson,MI,JACKSON,1,42.3,-84.4
jackson,NJ,OCEAN,27,40.1,-74.4
jacksonville,FL,DUVAL,418,30.3,-81.8
jacksonville,FL,SAINT JOHNS,76,30.3,-81.8
jacksonville,NC,ONSLOW,16,34.7,-77.5
jacksonville,OR,JACKSON,2,42.2,-123.1
jarrettsville,MD,HARFORD,2,39.6,-76.5
jasper,GA,PICKENS,28,34.5,-84.5
jefferson,NH,COOS,4,44.4,-71.4
jefferson,TX,MARION,20,32.8,-94.3
jeffersonville,IN,CLARK,10,38.3,-85.7
jenks,OK,TULSA,1,36.0,-96.0
johnstown,PA,CAMBRIA,2,40.3,-78.9
jonesboro,AR,CRAIGHEAD,1,35.8,-90.7
joplin,MO,JASPER,132,37.1,-94.5
jordan,NY,ONONDAGA,2,43.1,-76.5
junction,TX,KIMBLE,6,30.4,-99.6
juniata,NE,ADAMS,3,40.6,-98.6
jupiter,FL,PALM BEACH,4,26.9,-80.1
justin,TX,DENTON,2,33.1,-97.3
kalamazoo,MI,KALAMAZOO,2,42.4,-85.7
kalona,IA,WASHINGTON,24,41.5,-91.7
kansas city,MO,CLAY,1092,39.1,-94.6
kansas city,MO,JACKSON,676,39.1,-94.6
kansas city,MO,PLATTE,520,39.1,-94.6
katy,TX,FORT BEND,108,29.8,-95.7
katy,TX,HARRIS,108,29.8,-95.7
keene,NH,CHESHIRE,702,42.9,-72.3
keezletown,VA,ROCKINGHAM,2,38.5,-78.8
keller,TX,TARRANT,3,32.9,-97.3
kempton,PA,BERKS,3830,40.6,-75.9
kennebunk,ME,YORK,3,43.4,-70.6
kenner,LA,JEFFERSON,6,30.0,-90.3
kennesaw,GA,COBB,4,34.0,-84.6
kents store,VA,FLUVANNA,1,37.9,-78.1
kerrville,TX,KERR,112,30.0,-99.1
keysville,VA,CHARLOTTE,16,37.0,-78.5
kilgore,TX,GREGG,2,32.4,-94.9
killeen,TX,BELL,3,31.1,-97.7
king george,VA,KING GEORGE,72,38.3,-77.1
kingston,NH,ROCKINGHAM,20,42.9,-71.1
kingwood,TX,HARRIS,6,30.0,-95.3
kirkland,IL,DEKALB,6,42.1,-88.9
kittery point,ME,YORK,117,43.1,-70.7
knoxville,TN,KNOX,102,35.9,-84.0
kress,TX,SWISHER,12,34.4,-101.7
kutztown,PA,BERKS,5,40.5,-75.8
la crosse,KS,RUSH,1,38.5,-99.4
la crosse,WI,LA CROSSE,6,43.8,-91.2
la habra,CA,ORANGE,8,33.9,-118.0
la porte,IN,LA PORTE,2,41.6,-86.7
la vernia,TX,WILSON,24,29.4,-98.1
lackawaxen,PA,PIKE,15,41.5,-75.1
lagrangeville,NY,DUTCHESS,2,41.7,-73.7
laguna beach,CA,ORANGE,2,33.5,-117.8
lake city,FL,COLUMBIA,2,30.1,-82.7
lake elmo,MN,WASHINGTON,24,45.0,-92.9
lake forest,IL,LAKE,4,42.2,-87.9
lake george,NY,WARREN,24,43.4,-73.7
lake jackson,TX,BRAZORIA,2,29.0,-95.5
lake lure,NC,RUTHERFORD,6,35.5,-82.2
lake mary,FL,SEMINOLE,2,28.8,-81.4
lake ozark,MO,CAMDEN,64,38.2,-92.7
lake placid,NY,ESSEX,81,44.2,-74.0
lakeland,FL,POLK,28,28.0,-81.9
lakeville,MA,PLYMOUTH,44,41.8,-71.0
lakeville,NY,LIVINGSTON,2,42.8,-77.7
lakewood,NJ,OCEAN,20,40.1,-74.2
lakewood,OH,CUYAHOGA,3,41.5,-81.8
lamartine,PA,CLARION,2,41.2,-79.6
lampasas,TX,LAMPASAS,55,31.1,-98.2
lampe,MO,STONE,5,36.6,-93.4
lancaster,NY,ERIE,3,42.9,-78.6
lancaster,OH,FAIRFIELD,41,39.7,-82.6
lancaster,PA,LANCASTER,336,40.1,-76.3
land o lakes,WI,VILAS,2,46.2,-89.4
lanham,MD,PRINCE GEORGES,8,39.0,-76.9
lansdale,PA,MONTGOMERY,50,40.2,-75.3
lansing,IL,COOK,29,41.6,-87.5
lansing,MI,CLINTON,1,42.7,-84.6
lansing,MI,EATON,1,42.7,-84.6
lansing,MI,INGHAM,11,42.7,-84.6
largo,FL,PINELLAS,36,27.9,-82.8
las vegas,NV,CLARK,468,36.1,-115.3
lawrence,KS,DOUGLAS,16,39.0,-95.2
lawrenceville,GA,GWINNETT,13,34.0,-84.0
league city,TX,GALVESTON,12,29.5,-95.1
lebanon,NH,GRAFTON,24,43.7,-72.3
ledgewood,NJ,MORRIS,2,40.9,-74.7
lee vining,CA,MONO,18,38.0,-119.0
leesburg,FL,LAKE,2,28.8,-81.9
leesburg,VA,LOUDOUN,3,39.1,-77.6
leitchfield,KY,GRAYSON,1,37.5,-86.3
lenexa,KS,JOHNSON,36,39.0,-94.7
leominster,MA,WORCESTER,6,42.5,-71.8
lewes,DE,SUSSEX,4,38.7,-75.2
lewisburg,PA,UNION,39,41.0,-77.0
lewistown,MO,LEWIS,4,40.1,-91.8
lewisville,TX,DENTON,24,33.0,-97.1
lexington,MA,MIDDLESEX,6,42.4,-71.2
lexington,VA,LEXINGTON CITY,87,37.8,-79.5
liberty,TX,LIBERTY,20,30.1,-94.7
lincoln,MA,MIDDLESEX,34,42.4,-71.3
lincoln,NE,LANCASTER,252,40.8,-96.7
lincoln university,PA,CHESTER,5,39.8,-75.9
lincolnton,NC,LINCOLN,34,35.5,-81.2
lindale,TX,SMITH,56,32.5,-95.4
linden,TX,CASS,4,33.0,-94.4
linton,IN,GREENE,45,39.1,-87.2
lisbon,NH,GRAFTON,6,44.2,-71.9
lithonia,GA,DEKALB,16,33.7,-84.1
lititz,PA,LANCASTER,99,40.2,-76.3
little falls,MN,MORRISON,6,46.0,-94.3
little falls,NJ,PASSAIC,18,40.9,-74.2
little orleans,MD,ALLEGANY,2,39.7,-78.4
little rock,AR,PULASKI,75,34.7,-92.3
livermore,CA,ALAMEDA,1,37.6,-121.7
locust dale,VA,MADISON,1,38.3,-78.1
logan,UT,CACHE,42,41.7,-111.6
loganville,GA,WALTON,2,33.8,-83.9
london,AR,POPE,5,35.3,-93.2
longford,KS,CLAY,1,39.2,-97.2
longmeadow,MA,HAMPDEN,20,42.0,-72.6
los angeles,CA,LOS ANGELES,95,34.0,-118.2
louisville,KY,JEFFERSON,372,38.3,-85.8
lovelock,NV,PERSHING,48,40.4,-118.6
loves park,IL,WINNEBAGO,6,42.3,-89.0
lowville,NY,LEWIS,48,43.8,-75.5
lubbock,TX,LUBBOCK,12,33.6,-101.9
lykens,PA,DAUPHIN,32,40.6,-76.7
lynchburg,VA,LYNCHBURG CITY,48,37.3,-79.2
mabank,TX,HENDERSON,10,32.3,-96.1
mabank,TX,KAUFMAN,6,32.3,-96.1
machiasport,ME,WASHINGTON,6,44.7,-67.4
madill,OK,MARSHALL,3,34.1,-96.8
madison,GA,MORGAN,52,33.6,-83.5
madison,NJ,MORRIS,1,40.8,-74.4
madison,TN,DAVIDSON,13,36.3,-86.7
madison,WI,DANE,60,43.1,-89.3
madisonville,KY,HOPKINS,1,37.3,-87.5
magna,UT,SALT LAKE,2,40.7,-112.1
mahomet,IL,CHAMPAIGN,3,40.2,-88.4
maitland,FL,ORANGE,2,28.6,-81.4
malibu,CA,LOS ANGELES,19,34.1,-118.8
malvern,AR,HOT SPRING,11,34.3,-92.9
manassas,VA,MANASSAS CITY,3,38.8,-77.5
manassas,VA,MANASSAS PARK CITY,6,38.8,-77.5
manassas,VA,PRINCE WILLIAM,12,38.8,-77.5
manchester,CT,HARTFORD,48,41.8,-72.5
manchester,GA,MERIWETHER,1,32.9,-84.6
manchester township,NJ,OCEAN,5,39.9,-74.3
manhattan,KS,RILEY,1,39.2,-96.6
manhattan beach,CA,LOS ANGELES,2,33.9,-118.4
manistee,MI,MANISTEE,2,44.2,-86.2
marathon,NY,CORTLAND,24,42.5,-76.0
marble falls,TX,BURNET,80,30.6,-98.2
marblehead,MA,ESSEX,2,42.5,-70.9
marietta,GA,COBB,77,34.0,-84.5
marietta,OH,WASHINGTON,2,39.4,-81.5
marion,IL,WILLIAMSON,2,37.7,-88.9
markleeville,CA,ALPINE,105,38.7,-119.8
marlboro,NY,ULSTER,196,41.6,-74.0
marquez,TX,LEON,26,31.2,-96.2
martinsville,IN,MORGAN,18,39.5,-86.5
mary esther,FL,OKALOOSA,2,30.4,-86.8
maryville,TN,BLOUNT,1,35.7,-84.1
mascoutah,IL,SAINT CLAIR,48,38.5,-89.8
massapequa,NY,NASSAU,15,40.7,-73.5
mattapoisett,MA,PLYMOUTH,1,41.7,-70.8
maumelle,AR,PULASKI,10,34.9,-92.4
maxwell,TX,CALDWELL,2,29.9,-97.8
maynard,MA,MIDDLESEX,1,42.4,-71.5
mckinney,TX,COLLIN,66,33.2,-96.6
mechanicsville,VA,HANOVER,2,37.6,-77.4
mechanicville,NY,SARATOGA,4,42.9,-73.7
medina,OH,MEDINA,4,41.1,-81.9
melrose,NY,RENSSELAER,43,42.9,-73.6
memphis,TN,SHELBY,126,35.2,-90.0
menomonie,WI,DUNN,16,44.8,-91.9
mentor,OH,LAKE,50,41.7,-81.3
mequon,WI,OZAUKEE,4,43.2,-88.0
mer rouge,LA,MOREHOUSE,49,32.8,-91.7
mercedes,TX,HIDALGO,130,26.1,-97.9
mercersburg,PA,FRANKLIN,55,39.8,-77.9
meredith,NH,BELKNAP,12,43.6,-71.5
mesquite,TX,DALLAS,8,32.8,-96.6
metairie,LA,JEFFERSON,12,30.0,-90.2
methuen,MA,ESSEX,6,42.7,-71.2
miami,FL,MIAMI-DADE,476,25.8,-80.2
middleburg,VA,LOUDOUN,1,39.0,-77.7
middlebury,CT,NEW HAVEN,1,41.5,-73.1
middletown,NY,ORANGE,9,41.5,-74.4
middletown,VA,FREDERICK,1,39.0,-78.3
middletown,VA,WARREN,2,39.0,-78.3
midland,GA,MUSCOGEE,1,32.6,-84.8
midland,TX,MIDLAND,3,32.0,-102.1
milan,MO,SULLIVAN,7,40.2,-93.2
milbank,SD,GRANT,12,45.2,-96.6
milford,NH,HILLSBOROUGH,6,42.8,-71.7
milford,PA,PIKE,4,41.3,-74.9
millersville,MD,ANNE ARUNDEL,4,39.1,-76.6
milltown,NJ,MIDDLESEX,1,40.4,-74.4
millville,NJ,CUMBERLAND,12,39.3,-75.0
milton,VT,CHITTENDEN,3,44.7,-73.1
minneapolis,MN,ANOKA,564,45.0,-93.3
minneapolis,MN,HENNEPIN,1457,45.0,-93.3
minnetonka,MN,HENNEPIN,16,44.9,-93.5
mira loma,CA,RIVERSIDE,3,34.0,-117.5
mission,KS,JOHNSON,90,39.0,-94.7
mission viejo,CA,ORANGE,24,33.6,-117.6
moline,IL,ROCK ISLAND,10,41.5,-90.5
monmouth junction,NJ,MIDDLESEX,10,40.4,-74.5
monroe,LA,OUACHITA,360,32.5,-92.1
monroe,NC,UNION,2,35.2,-80.4
montague,NJ,SUSSEX,9,41.3,-74.7
montgomery,AL,MONTGOMERY,525,32.4,-86.3
monticello,KY,WAYNE,75,36.8,-84.8
moorestown,NJ,BURLINGTON,10,40.0,-74.9
moreno valley,CA,RIVERSIDE,10,34.0,-117.2
moretown,VT,WASHINGTON,5,44.3,-72.7
morgan city,LA,SAINT MARY,18,29.8,-91.2
morgantown,IN,MORGAN,3,39.3,-86.3
morgantown,WV,MONONGALIA,8,39.6,-80.0
morrisville,NC,WAKE,7,35.9,-78.8
moultrie,GA,COLQUITT,39,31.1,-83.9
mount ayr,IA,RINGGOLD,2,40.7,-94.2
mount pleasant,MI,ISABELLA,9,43.6,-84.8
mount pleasant,SC,CHARLESTON,18,32.8,-79.8
mount pleasant,TX,TITUS,12,33.2,-95.0
mount vernon,OH,KNOX,4,40.4,-82.5
mountain top,PA,LUZERNE,27,41.1,-76.0
mountain view,CA,SANTA CLARA,5,37.4,-122.1
moyock,NC,CURRITUCK,1,36.5,-76.1
mulberry,FL,POLK,10,27.8,-82.0
munford,AL,TALLADEGA,20,33.5,-86.0
munfordville,KY,HART,6,37.3,-85.9
murrells inlet,SC,HORRY,16,33.5,-79.1
muskego,WI,WAUKESHA,2,42.9,-88.1
muskegon,MI,MUSKEGON,120,43.2,-86.3
mustang,OK,CANADIAN,14,35.4,-97.7
myrtle beach,SC,HORRY,540,33.8,-78.8
mystic,CT,NEW LONDON,30,41.4,-72.0
nacogdoches,TX,NACOGDOCHES,42,31.6,-94.6
nantucket,MA,NANTUCKET,6,41.3,-70.1
naperville,IL,DUPAGE,4,41.8,-88.1
naperville,IL,WILL,4,41.8,-88.1
napoleon,OH,HENRY,3,41.4,-84.2
nashville,TN,DAVIDSON,22,36.1,-86.8
natural bridge,VA,ROCKBRIDGE,2,37.7,-79.5
needville,TX,FORT BEND,42,29.4,-95.9
nelson,CA,BUTTE,16,39.6,-121.8
new berlin,WI,WAUKESHA,2,43.0,-88.2
new bloomfield,PA,PERRY,10,40.4,-77.2
new braunfels,TX,COMAL,42,29.7,-98.1
new brighton,PA,BEAVER,2,40.8,-80.3
new brunswick,NJ,MIDDLESEX,12,40.5,-74.4
new buffalo,MI,BERRIEN,9,41.8,-86.7
new douglas,IL,MADISON,10,39.0,-89.7
new egypt,NJ,OCEAN,20,40.1,-74.5
new hampton,NY,ORANGE,29,41.3,-74.5
new hartford,CT,LITCHFIELD,3,41.8,-73.0
new haven,CT,NEW HAVEN,18,41.3,-72.9
new hyde park,NY,NASSAU,32,40.7,-73.7
new middletown,IN,HARRISON,2,38.1,-86.1
new orleans,LA,JEFFERSON,18,30.0,-90.1
new orleans,LA,ORLEANS,72,30.0,-90.1
new paltz,NY,ULSTER,1,41.8,-74.1
new prague,MN,SCOTT,6,44.5,-93.6
new richland,MN,WASECA,4,43.9,-93.5
new richmond,OH,CLERMONT,3,39.0,-84.2
new richmond,WI,SAINT CROIX,168,45.1,-92.5
new rochelle,NY,WESTCHESTER,8,40.9,-73.7
new windsor,MD,CARROLL,2,39.5,-77.1
new york,NY,NEW YORK,2666,40.8,-74.0
newburyport,MA,ESSEX,2,42.8,-70.9
newington,NH,STRAFFORD,16,43.1,-70.8
newport,RI,NEWPORT,20,41.5,-71.3
newport news,VA,NEWPORT NEWS CITY,35,37.1,-76.5
newton,IL,JASPER,8,39.0,-88.2
newton,KS,HARVEY,10,38.0,-97.3
newton,MA,MIDDLESEX,6,42.4,-71.2
newton,NJ,SUSSEX,28,41.1,-74.8
newtown,PA,BUCKS,25,40.3,-75.0
nicholville,NY,SAINT LAWRENCE,36,44.7,-74.7
nicolaus,CA,SUTTER,10,38.9,-121.6
nisswa,MN,CROW WING,4,46.5,-94.3
norfolk,VA,NORFOLK CITY,132,36.9,-76.3
norman,OK,CLEVELAND,14,35.2,-97.5
north hero,VT,GRAND ISLE,6,44.9,-73.3
north little rock,AR,PULASKI,100,34.9,-92.4
north olmsted,OH,CUYAHOGA,6,41.4,-81.9
north reading,MA,MIDDLESEX,6,42.6,-71.1
north royalton,OH,CUYAHOGA,9,41.3,-81.7
northborough,MA,WORCESTER,2,42.3,-71.6
norwich,VT,WINDSOR,9,43.8,-72.4
nottingham,PA,CHESTER,2,39.7,-76.0
oak island,NC,BRUNSWICK,8,33.9,-78.1
oak park,IL,COOK,2,41.9,-87.8
oak ridge,TN,ANDERSON,2,36.0,-84.3
oakdale,NY,SUFFOLK,1,40.7,-73.1
oakland,NJ,BERGEN,6,41.0,-74.2
ocala,FL,MARION,2,29.2,-82.1
ocean beach,NY,SUFFOLK,5,40.7,-73.1
ocean city,NJ,CAPE MAY,2,39.3,-74.6
ocean grove,NJ,MONMOUTH,2,40.2,-74.0
oceano,CA,SAN LUIS OBISPO,2,35.1,-120.6
oceanside,CA,SAN DIEGO,9,33.2,-117.4
oconomowoc,WI,WAUKESHA,4,43.1,-88.5
odessa,MO,LAFAYETTE,12,39.0,-94.0
oil trough,AR,INDEPENDENCE,5,35.6,-91.5
oklahoma city,OK,CLEVELAND,66,35.4,-97.5
oklahoma city,OK,OKLAHOMA,374,35.4,-97.5
olathe,KS,JOHNSON,9,38.9,-94.8
old orchard beach,ME,YORK,4,43.5,-70.4
oldsmar,FL,PINELLAS,2,28.1,-82.7
ontario,NY,WAYNE,12,43.2,-77.3
orange,NJ,ESSEX,1,40.8,-74.2
orange,TX,ORANGE,8,30.1,-93.8
orange park,FL,CLAY,10,30.1,-81.8
orangeburg,SC,ORANGEBURG,5,33.5,-80.8
orangefield,TX,ORANGE,4,30.1,-93.9
oregonia,OH,WARREN,1,39.4,-84.0
orlando,FL,BREVARD,3,28.5,-81.4
orlando,FL,ORANGE,23,28.5,-81.4
orleans,MA,BARNSTABLE,12,41.8,-69.9
ormond beach,FL,VOLUSIA,7,29.3,-81.1
osceola,WI,POLK,3,45.3,-92.7
oshkosh,WI,WINNEBAGO,4,43.9,-88.5
oswego,IL,KENDALL,1,41.7,-88.3
otego,NY,OTSEGO,8,42.4,-75.2
overland park,KS,JOHNSON,168,39.0,-94.7
oviedo,FL,SEMINOLE,8,28.7,-81.2
owasso,OK,TULSA,12,36.3,-95.8
owego,NY,TIOGA,81,42.1,-76.3
oxford,AL,CALHOUN,2,33.6,-85.8
oxford,MI,OAKLAND,3,42.8,-83.2
oxford,PA,CHESTER,12,39.8,-76.0
ozark,MO,CHRISTIAN,20,37.0,-93.2
pacific grove,CA,MONTEREY,4,36.6,-121.9
pacific palisades,CA,LOS ANGELES,2,34.0,-118.5
paducah,KY,MCCRACKEN,60,37.0,-88.7
paducah,TX,COTTLE,3,34.1,-100.3
palacios,TX,MATAGORDA,14,28.7,-96.1
palatine,IL,COOK,21,42.1,-88.1
palestine,TX,ANDERSON,18,31.8,-95.6
palm coast,FL,FLAGLER,1,29.5,-81.2
palmetto,FL,MANATEE,2,27.5,-82.6
palo alto,CA,SANTA CLARA,4,37.4,-122.1
panama,NY,CHAUTAUQUA,1,42.1,-79.5
panama city,FL,BAY,60,30.2,-85.6
paola,KS,MIAMI,4,38.6,-94.9
paradise,CA,BUTTE,1,39.8,-121.6
paragould,AR,GREENE,1,36.1,-90.6
park ridge,IL,COOK,2,42.0,-87.8
pasadena,CA,LOS ANGELES,234,34.1,-118.2
patagonia,AZ,SANTA CRUZ,3,31.5,-110.7
paw paw,WV,MORGAN,2,39.5,-78.5
pawnee,OK,PAWNEE,8,36.3,-96.8
pearland,TX,BRAZORIA,21,29.6,-95.3
pella,IA,MARION,5,41.4,-92.9
penobscot,ME,HANCOCK,12,44.5,-68.7
pensacola,FL,ESCAMBIA,171,30.4,-87.2
peoria,IL,PEORIA,28,40.7,-89.6
perrysburg,OH,WOOD,8,41.5,-83.6
philadelphia,PA,DELAWARE,3,40.1,-75.0
philadelphia,PA,PHILADELPHIA,48,40.1,-75.0
phoenix,AZ,MARICOPA,65,33.5,-112.1
phoenixville,PA,CHESTER,1,40.1,-75.5
pickett,WI,WINNEBAGO,1,43.9,-88.7
picture rocks,PA,LYCOMING,1,41.3,-76.7
pine,AZ,GILA,50,34.4,-111.4
pine beach,NJ,OCEAN,2,39.9,-74.2
pine bluff,AR,JEFFERSON,8,34.1,-92.1
pinehurst,TX,MONTGOMERY,4,30.1,-95.7
pinellas park,FL,PINELLAS,1,27.8,-82.7
piqua,OH,MIAMI,3,40.2,-84.3
pismo beach,CA,SAN LUIS OBISPO,4,35.1,-120.6
pitkin,LA,VERNON,2,31.0,-93.0
pittsfield,ME,SOMERSET,1,44.8,-69.4
pittsford,NY,MONROE,7,43.1,-77.5
plainview,TX,HALE,4,34.2,-101.7
plainville,KS,ROOKS,3,39.2,-99.3
pleasanton,CA,ALAMEDA,2,37.6,-121.9
plymouth meeting,PA,MONTGOMERY,69,40.1,-75.3
point arena,CA,MENDOCINO,2,38.9,-123.5
pollock,LA,GRANT,5,31.5,-92.4
pollock,SD,CAMPBELL,1,45.9,-100.3
pomona,CA,LOS ANGELES,15,34.0,-117.8
ponte vedra,FL,SAINT JOHNS,4,30.2,-81.4
ponte vedra beach,FL,SAINT JOHNS,159,30.2,-81.4
port charlotte,FL,CHARLOTTE,3,27.0,-82.1
port jefferson,NY,SUFFOLK,6,40.9,-73.1
port lavaca,TX,CALHOUN,20,28.5,-96.7
port saint lucie,FL,SAINT LUCIE,35,27.3,-80.4
portland,AR,ASHLEY,1,33.2,-91.5
portland,ME,CUMBERLAND,22,43.7,-70.3
portland,TN,SUMNER,20,36.6,-86.5
portsmouth,NH,ROCKINGHAM,6,43.1,-70.8
portsmouth,OH,SCIOTO,3,38.8,-82.9
portsmouth,VA,PORTSMOUTH CITY,9,36.8,-76.4
pottstown,PA,CHESTER,10,40.3,-75.6
pottstown,PA,MONTGOMERY,30,40.3,-75.6
pottsville,AR,POPE,5,35.2,-93.1
pottsville,PA,SCHUYLKILL,21,40.7,-76.3
poughkeepsie,NY,DUTCHESS,3,41.7,-73.9
prattville,AL,AUTAUGA,10,32.5,-86.4
prescott,AZ,YAVAPAI,45,34.7,-112.9
presto,PA,ALLEGHENY,3,40.4,-80.1
providence,RI,PROVIDENCE,20,41.9,-71.4
provincetown,MA,BARNSTABLE,1,42.1,-70.2
pulaski,NY,OSWEGO,18,43.5,-76.1
punta gorda,FL,CHARLOTTE,6,27.0,-82.2
quemado,TX,MAVERICK,6,29.0,-100.4
racine,WI,RACINE,10,42.7,-87.8
raleigh,NC,WAKE,888,35.8,-78.6
redding,CT,FAIRFIELD,20,41.3,-73.4
reeds,MO,JASPER,3,37.1,-94.2
remsen,NY,ONEIDA,2,43.4,-75.2
reston,VA,FAIRFAX,20,39.0,-77.3
reynoldsburg,OH,FRANKLIN,9,40.0,-82.8
rialto,CA,SAN BERNARDINO,1,34.1,-117.4
richardson,TX,DALLAS,8,33.0,-96.7
richmond,CA,CONTRA COSTA,6,38.0,-122.4
richmond,IN,WAYNE,12,39.8,-84.9
richmond,TX,FORT BEND,54,29.6,-95.7
richmond,VA,CHESTERFIELD,42,37.6,-77.5
richmond,VA,HENRICO,42,37.6,-77.5
richmond,VA,RICHMOND CITY,186,37.6,-77.5
ridgefield,CT,FAIRFIELD,2,41.3,-73.5
ridgewood,NJ,BERGEN,5,41.0,-74.1
rio hondo,TX,CAMERON,45,26.3,-97.5
rio medina,TX,MEDINA,8,29.5,-98.9
ripon,WI,FOND DU LAC,35,43.8,-88.8
riverhead,NY,SUFFOLK,36,40.9,-72.6
riverside,IL,COOK,6,41.8,-87.8
roanoke,VA,BOTETOURT,4,37.5,-79.9
roanoke,VA,ROANOKE,12,37.5,-79.9
roanoke,VA,ROANOKE CITY,18,37.5,-79.9
roanoke,VA,SALEM,4,37.5,-79.9
roberta,GA,CRAWFORD,1,32.7,-84.1
robesonia,PA,BERKS,15,40.4,-76.1
rochester,MN,OLMSTED,2,44.1,-92.5
rochester,NH,STRAFFORD,36,43.3,-71.0
rochester,NY,MONROE,184,43.2,-77.6
rock hall,MD,KENT,3,39.1,-76.2
rock springs,WI,SAUK,2,43.5,-89.9
rockport,ME,KNOX,25,44.2,-69.1
rockport,TX,ARANSAS,4,28.2,-97.0
rockville,MD,MONTGOMERY,40,39.0,-77.0
rocky mount,NC,EDGECOMBE,15,36.0,-77.7
rocky mount,NC,NASH,15,36.0,-77.7
rocky point,NY,SUFFOLK,17,40.9,-72.9
rogers,AR,BENTON,16,36.4,-94.0
rohnert park,CA,SONOMA,3,38.3,-122.7
roland,OK,SEQUOYAH,20,35.5,-94.5
romulus,MI,WAYNE,15,42.2,-83.4
ronceverte,WV,GREENBRIER,18,37.7,-80.4
roselle park,NJ,UNION,4,40.7,-74.3
roslindale,MA,SUFFOLK,10,42.3,-71.1
rouses point,NY,CLINTON,1,45.0,-73.4
ruckersville,VA,GREENE,236,38.2,-78.4
rush,KY,BOYD,12,38.3,-82.7
russell,KS,RUSSELL,1,38.8,-98.9
russellville,AR,POPE,11,35.3,-93.1
rutland,VT,RUTLAND,50,43.6,-72.9
sachse,TX,DALLAS,2,33.0,-96.6
saegertown,PA,CRAWFORD,1,41.7,-80.2
safety harbor,FL,PINELLAS,1,28.0,-82.7
sag harbor,NY,SUFFOLK,80,41.0,-72.3
saint augustine,FL,SAINT JOHNS,364,29.9,-81.3
saint clair shores,MI,MACOMB,18,42.5,-82.9
saint cloud,MN,SHERBURNE,1,45.6,-94.2
saint cloud,MN,STEARNS,8,45.6,-94.2
saint george,UT,WASHINGTON,24,37.1,-113.6
saint johns,MI,CLINTON,2,43.0,-84.6
saint marys,KS,POTTAWATOMIE,12,39.2,-96.1
saint onge,SD,LAWRENCE,1,44.5,-103.7
saint petersburg,FL,PINELLAS,26,27.8,-82.7
salado,TX,BELL,34,30.9,-97.6
salamanca,NY,CATTARAUGUS,10,42.1,-78.8
salemburg,NC,SAMPSON,1,35.1,-78.5
salina,KS,SALINE,2,38.9,-97.7
saline,MI,WASHTENAW,1,42.2,-83.8
salisbury,CT,LITCHFIELD,3,42.0,-73.4
salisbury,NC,ROWAN,4,35.7,-80.5
salt lake city,UT,SALT LAKE,40,40.8,-111.9
san angelo,TX,TOM GREEN,27,31.6,-100.5
san antonio,TX,BEXAR,1088,29.5,-98.5
san antonio,TX,COMAL,102,29.5,-98.5
san diego,CA,SAN DIEGO,400,32.7,-117.2
san luis obispo,CA,SAN LUIS OBISPO,7,35.2,-120.6
san rafael,CA,MARIN,6,38.2,-122.8
sandia,TX,JIM WELLS,4,28.1,-98.0
sandusky,OH,ERIE,6,41.4,-82.7
sandy,UT,SALT LAKE,20,40.6,-111.9
sandy hook,CT,FAIRFIELD,6,41.4,-73.2
sanford,MI,MIDLAND,5,43.7,-84.4
sanibel,FL,LEE,3,26.5,-82.1
santa barbara,CA,SANTA BARBARA,21,34.4,-119.7
santa cruz,CA,SANTA CRUZ,30000,37.1,-122.2
santee,CA,SAN DIEGO,1,32.9,-117.0
sapphire,NC,TRANSYLVANIA,8,35.1,-83.0
sarasota,FL,MANATEE,4,27.3,-82.5
sarasota,FL,SARASOTA,12,27.3,-82.5
saratoga springs,NY,SARATOGA,2,43.1,-73.8
savannah,GA,CHATHAM,450,32.0,-81.0
sawyer,MI,BERRIEN,2,41.9,-86.6
scarborough,ME,CUMBERLAND,112,43.6,-70.4
schuyler lake,NY,OTSEGO,2,42.8,-75.0
scituate,MA,PLYMOUTH,96,42.2,-70.8
scotrun,PA,MONROE,21,41.1,-75.3
scott depot,WV,PUTNAM,1,38.4,-81.9
scottsdale,AZ,MARICOPA,25,33.5,-111.9
sea girt,NJ,MONMOUTH,80,40.1,-74.0
seabrook,TX,HARRIS,12,29.6,-95.0
seaford,NY,NASSAU,5,40.7,-73.5
seagoville,TX,DALLAS,26,32.6,-96.6
sebastian,FL,BREVARD,21,27.8,-80.5
sebastian,FL,INDIAN RIVER,7,27.8,-80.5
secaucus,NJ,HUDSON,15,40.8,-74.2
sedalia,MO,PETTIS,5,38.7,-93.3
sedgwick,ME,HANCOCK,61,44.3,-68.6
seekonk,MA,BRISTOL,87,41.8,-71.3
seminole,FL,PINELLAS,8,27.8,-82.8
severna park,MD,ANNE ARUNDEL,2,39.1,-76.6
sewickley,PA,ALLEGHENY,4,40.6,-80.1
shakopee,MN,SCOTT,2,44.8,-93.5
sharon center,OH,MEDINA,6,41.1,-81.7
shawano,WI,SHAWANO,66,44.8,-88.6
shawnee,KS,JOHNSON,9,39.0,-94.7
sheboygan,WI,SHEBOYGAN,292,43.8,-88.0
shelton,CT,FAIRFIELD,6,41.3,-73.1
shrewsbury,MA,WORCESTER,33,42.3,-71.7
shutesbury,MA,FRANKLIN,5,42.5,-72.4
silver city,NM,GRANT,5,33.0,-108.3
silver spring,MD,MONTGOMERY,26,39.1,-77.3
six mile,SC,PICKENS,3,34.8,-82.8
skillman,NJ,SOMERSET,2,40.4,-74.7
snellville,GA,GWINNETT,3,33.8,-84.0
snyder,CO,MORGAN,3,40.3,-103.6
solomons,MD,CALVERT,3,38.3,-76.5
somerville,NJ,SOMERSET,30,40.3,-74.6
sonora,TX,SUTTON,5,30.5,-100.5
souderton,PA,MONTGOMERY,10,40.3,-75.3
south bend,IN,ST JOSEPH,7,41.7,-86.3
south berwick,ME,YORK,3,43.2,-70.7
south glastonbury,CT,HARTFORD,8,41.7,-72.5
south haven,MI,VAN BUREN,4,42.4,-86.2
south padre island,TX,CAMERON,3,26.4,-97.2
south park,PA,ALLEGHENY,30,40.3,-80.0
south portland,ME,CUMBERLAND,4,43.6,-70.3
south saint paul,MN,DAKOTA,12,44.9,-93.0
southaven,MS,DESOTO,1,35.0,-90.0
southbury,CT,NEW HAVEN,1,41.5,-73.2
southlake,TX,TARRANT,3,32.9,-97.1
southport,NC,BRUNSWICK,27,34.1,-78.0
sparta,MO,CHRISTIAN,82,36.9,-93.1
sparta,NJ,SUSSEX,7,41.0,-74.6
spartanburg,SC,SPARTANBURG,6,34.9,-82.0
spencer,IA,CLAY,2,43.2,-95.1
spencer,MA,WORCESTER,40,42.2,-72.0
spinnerstown,PA,BUCKS,4,40.4,-75.4
spring,TX,HARRIS,80,30.1,-95.5
spring,TX,MONTGOMERY,120,30.1,-95.5
springerville,AZ,APACHE,2,34.2,-109.4
springfield,KY,WASHINGTON,2,37.7,-85.3
springfield,MA,HAMPDEN,7,42.1,-72.6
springfield,MO,GREENE,66,37.2,-93.3
stafford springs,CT,TOLLAND,5,42.0,-72.2
stamford,CT,FAIRFIELD,11,41.1,-73.5
stamford,TX,JONES,44,32.9,-99.7
stanfordville,NY,DUTCHESS,1,41.9,-73.7
starkville,MS,OKTIBBEHA,616,33.4,-88.8
state college,PA,CENTRE,2,40.8,-77.8
statesville,NC,IREDELL,363,35.8,-80.9
statham,GA,BARROW,6,34.0,-83.6
staunton,VA,STAUNTON CITY,3,38.1,-79.1
stephentown,NY,RENSSELAER,10,42.6,-73.4
sterling,VA,LOUDOUN,12,39.0,-77.5
sterling heights,MI,MACOMB,42,42.6,-83.1
stevensville,MD,QUEEN ANNES,1,38.9,-76.3
stevensville,MI,BERRIEN,3,42.0,-86.5
stillwater,OK,PAYNE,48,36.2,-97.1
stirling,NJ,MORRIS,3,40.7,-74.5
stockbridge,GA,HENRY,1,33.6,-84.2
stockton,IL,JO DAVIESS,2,42.3,-90.0
stone mountain,GA,DEKALB,6,33.8,-84.1
stover,MO,MORGAN,1,38.4,-93.0
suches,GA,UNION,1,34.7,-84.1
sugar hill,NH,GRAFTON,11,44.2,-71.8
sugar land,TX,FORT BEND,40,29.6,-95.6
sullivan,NH,CHESHIRE,16,43.0,-72.2
summer shade,KY,METCALFE,2,36.9,-85.7
sunapee,NH,SULLIVAN,25,43.4,-72.1
sunnyvale,CA,SANTA CLARA,2,37.4,-122.0
sunrise beach,MO,CAMDEN,6,38.2,-92.8
superior,AZ,PINAL,2,33.3,-111.2
surry,VA,SURRY,3,37.1,-76.8
swanton,VT,FRANKLIN,20,44.9,-73.1
tallahassee,FL,LEON,48,30.4,-84.3
tampa,FL,HILLSBOROUGH,336,28.2,-82.7
tarpley,TX,BANDERA,69,29.7,-99.4
tarpon springs,FL,PINELLAS,3,28.1,-82.7
taylor,MI,WAYNE,2,42.2,-83.3
tempe,AZ,MARICOPA,12,33.4,-111.9
tenants harbor,ME,KNOX,6,44.0,-69.2
texarkana,TX,BOWIE,48,33.4,-94.2
texas city,TX,GALVESTON,12,29.4,-94.9
the colony,TX,DENTON,4,33.1,-96.9
the villages,FL,SUMTER,2,28.9,-82.0
theodore,AL,MOBILE,22,30.5,-88.2
thomasville,GA,THOMAS,100,30.8,-84.0
thompson,PA,SUSQUEHANNA,3,41.8,-75.5
thorndike,ME,WALDO,4,44.6,-69.2
thrall,TX,WILLIAMSON,1,30.6,-97.3
ticonderoga,NY,ESSEX,48,43.8,-73.5
tiffin,OH,SENECA,3,41.1,-83.2
toccoa,GA,STEPHENS,2,34.6,-83.3
tollhouse,CA,FRESNO,2,37.0,-119.4
townsend,TN,BLOUNT,1,35.6,-83.8
towson,MD,BALTIMORE,7,39.4,-76.6
trumbull,CT,FAIRFIELD,1,41.3,-73.2
tryon,NC,POLK,7,35.2,-82.2
tucker,GA,DEKALB,2,33.9,-84.2
tucson,AZ,PIMA,76,32.2,-111.0
tujunga,CA,LOS ANGELES,1,34.3,-118.2
tulsa,OK,CREEK,3,36.1,-96.0
tulsa,OK,TULSA,24,36.1,-96.0
tupelo,MS,LEE,20,34.3,-88.7
tupper lake,NY,FRANKLIN,330,44.2,-74.4
tuscola,TX,TAYLOR,5,32.2,-99.9
two rivers,WI,MANITOWOC,2,44.2,-87.6
tyaskin,MD,WICOMICO,20,38.2,-75.9
tyler,TX,SMITH,180,32.3,-95.3
unity,ME,WALDO,22,44.6,-69.3
upper darby,PA,DELAWARE,15,39.9,-75.3
upper marlboro,MD,PRINCE GEORGES,32,38.8,-76.8
upton,MA,WORCESTER,24,42.2,-71.6
vantage,WA,KITTITAS,120,46.9,-120.0
ventura,CA,VENTURA,12210,34.3,-119.3
vero beach,FL,INDIAN RIVER,5,27.6,-80.4
vicksburg,MI,KALAMAZOO,4,42.4,-85.7
victor,IA,IOWA,8,41.7,-92.2
vienna,VA,FAIRFAX,18,38.9,-77.3
villanova,PA,DELAWARE,4,40.0,-75.4
vincent,AL,SHELBY,9,33.4,-86.4
vineland,NJ,CUMBERLAND,6,39.5,-75.0
virginia beach,VA,VIRGINIA BEACH CITY,130,36.8,-76.1
wabash,IN,WABASH,1,40.8,-85.9
waco,TX,MCLENNAN,52,31.6,-97.1
wade,NC,CUMBERLAND,1,35.0,-78.7
walhalla,SC,OCONEE,1,34.8,-83.0
wallingford,CT,NEW HAVEN,6,41.5,-72.8
wallkill,NY,ULSTER,6,41.6,-74.1
walnut springs,TX,BOSQUE,2,32.1,-97.8
walpole,MA,NORFOLK,11,42.1,-71.3
warren,MA,WORCESTER,2,42.2,-72.2
washington,GA,WILKES,1,33.7,-82.7
waterford,VA,LOUDOUN,15,39.2,-77.6
watkinsville,GA,OCONEE,3,33.8,-83.4
wausau,WI,MARATHON,2,45.0,-89.7
waverly,AL,LEE,1,32.8,-85.5
wayland,MA,MIDDLESEX,2,42.4,-71.4
wayne,MI,WAYNE,1,42.3,-83.4
wayne,NJ,PASSAIC,14,40.9,-74.2
waynesville,NC,HAYWOOD,2,35.5,-83.0
weatherford,TX,PARKER,4,32.8,-97.7
weaverville,NC,BUNCOMBE,1,35.7,-82.5
webster,NY,MONROE,2,43.2,-77.4
webster,TX,HARRIS,2,29.5,-95.1
weir,TX,WILLIAMSON,51,30.8,-97.6
wellborn,FL,SUWANNEE,3,30.2,-82.9
wellesley,MA,NORFOLK,3,42.3,-71.3
wenatchee,WA,CHELAN,8,47.4,-120.3
weslaco,TX,HIDALGO,44,26.2,-98.0
wesley chapel,FL,PASCO,2,28.2,-82.3
west boylston,MA,WORCESTER,3,42.4,-71.8
west lafayette,IN,TIPPECANOE,4,40.5,-87.0
west memphis,AR,CRITTENDEN,1,35.1,-90.2
west monroe,LA,OUACHITA,90,32.5,-92.2
west newbury,MA,ESSEX,3,42.8,-71.0
west swanzey,NH,CHESHIRE,80,42.9,-72.3
west tisbury,MA,DUKES,2,41.4,-70.7
western springs,IL,COOK,6,41.8,-87.9
westerville,OH,DELAWARE,18,40.1,-82.9
westerville,OH,FRANKLIN,18,40.1,-82.9
westfield,WI,MARQUETTE,5,43.9,-89.5
westhampton beach,NY,SUFFOLK,7,40.8,-72.6
westland,MI,WAYNE,6,42.3,-83.4
westminster,MD,CARROLL,10,39.5,-77.0
westport,MA,BRISTOL,10,41.6,-71.1
weymouth,MA,NORFOLK,10,42.2,-71.0
wheatland,IN,KNOX,4,38.7,-87.3
wheaton,IL,DUPAGE,1,41.9,-88.1
white lake,MI,OAKLAND,3,42.7,-83.5
white river junction,VT,WINDSOR,5,43.7,-72.4
whitinsville,MA,WORCESTER,13,42.1,-71.7
whitney point,NY,BROOME,4,42.4,-75.9
wichita,KS,SEDGWICK,288,37.7,-97.3
wichita falls,TX,WICHITA,24,34.0,-98.5
wickenburg,AZ,MARICOPA,1,33.8,-112.9
wickes,AR,POLK,1,34.3,-94.4
wilder,VT,WINDSOR,1,43.7,-72.3
willcox,AZ,COCHISE,360,32.6,-110.1
williamsburg,VA,JAMES CITY,12,37.3,-76.7
williamsburg,VA,WILLIAMSBURG CITY,12,37.3,-76.7
williamsport,PA,LYCOMING,405,41.2,-77.0
willis,TX,MONTGOMERY,10,30.4,-95.5
williston,VT,CHITTENDEN,324,44.4,-73.1
willmar,MN,KANDIYOHI,13,45.2,-95.1
wimberley,TX,HAYS,90,30.1,-98.1
winchendon springs,MA,WORCESTER,12,42.7,-72.0
winchester,OH,ADAMS,1,38.9,-83.7
windham,ME,CUMBERLAND,3,43.8,-70.4
windsor,VT,WINDSOR,10,43.5,-72.4
winfield,KS,COWLEY,12,37.2,-96.9
winooski,VT,CHITTENDEN,1,44.5,-73.2
winston salem,NC,FORSYTH,264,36.1,-80.2
winter park,FL,ORANGE,2,28.6,-81.4
winthrop,MN,SIBLEY,20,44.5,-94.4
wiscasset,ME,LINCOLN,6,44.0,-69.7
wolfeboro,NH,CARROLL,2,43.6,-71.1
woodbridge,VA,PRINCE WILLIAM,42,38.6,-77.3
woodstock,GA,CHEROKEE,16,34.1,-84.5
woodstock,NY,ULSTER,1,42.1,-74.1
woolrich,PA,CLINTON,20,41.2,-77.3
woonsocket,RI,PROVIDENCE,18,42.0,-71.5
wooster,OH,WAYNE,10,40.8,-82.0
worcester,MA,WORCESTER,78,42.3,-71.8
wyncote,PA,MONTGOMERY,4,40.1,-75.2
wynnewood,PA,MONTGOMERY,63,40.0,-75.3
yacolt,WA,CLARK,1,45.8,-122.3
yanceyville,NC,CASWELL,1,36.4,-79.3
york,ME,YORK,20,43.2,-70.7
yorktown,VA,YORK,35,37.1,-76.4
yorkville,OH,JEFFERSON,22,40.2,-80.7
yukon,OK,CANADIAN,2,35.5,-97.7
yuma,AZ,YUMA,3,32.7,-114.7
zion,IL,LAKE,2,42.5,-87.9
